{"type":"FeatureCollection","features":[{"type":"Feature","geometry":{"type":"LineString","coordinates":[[-81.91038558375895,35.83671450139052],[-81.91040729449773,35.8366764201982],[-81.91067327784168,35.836582333154894],[-81.91105462517363,35.83648547577662],[-81.91125953022109,35.83640538641733],[-81.91149793317476,35.83639969159455],[-81.91162457863078,35.836393431591205]]},"properties":{"gnis_name":"Linville River","gnis_id":"01012897","lengthkm":0.11968452000000002,"fcode":55800,"fdate":1405468800000}},{"type":"Feature","geometry":{"type":"LineString","coordinates":[[-81.89868858063939,35.86503097258599],[-81.89870733938363,35.86497741957561],[-81.89871081268564,35.86491053138638],[-81.89871617767817,35.86481498275565],[-81.89871326834553,35.86473393118455],[-81.89870397845931,35.86463871711202],[-81.89869228598045,35.864557889665996],[-81.89867465413433,35.864474797157605],[-81.8986307540112,35.86439473437639],[-81.89859244883854,35.86430736723404],[-81.8985361455519,35.86420850387727],[-81.89848026680305,35.86412155478542],[-81.89843446042188,35.864070166647615],[-81.89837314384313,35.86399527010572],[-81.89833320399181,35.86394374274815],[-81.8982869689107,35.86388042742338],[-81.89822299168691,35.86381275070268],[-81.89817650063446,35.86374228272801],[-81.8981687861165,35.86372972740378]]},"properties":{"gnis_name":"Linville River","gnis_id":"01012897","lengthkm":0.15808271000000002,"fcode":55800,"fdate":1405468800000}},{"type":"Feature","geometry":{"type":"LineString","coordinates":[[-81.89688903249319,35.85169431319231],[-81.89688952986837,35.85163218991482],[-81.89693662338993,35.851443062740124],[-81.8969719547168,35.85139428427504]]},"properties":{"gnis_name":"Linville River","gnis_id":"01012897","lengthkm":0.034859650000000006,"fcode":55800,"fdate":1405468800000}},{"type":"Feature","geometry":{"type":"LineString","coordinates":[[-81.91437600818396,35.92833219418802],[-81.9143399640914,35.92833169538426],[-81.9142292731409,35.92835342115031],[-81.91412179431842,35.928382239693676],[-81.91404946576993,35.92841020469997],[-81.91396601183352,35.92845514079601],[-81.91388334974336,35.928521529593],[-81.91381509488491,35.92858041692246],[-81.9137592202982,35.92865808847619],[-81.91371224435697,35.92873793968122],[-81.91367412648044,35.928819968845815],[-81.91364456283267,35.92889463640959],[-81.91359715402938,35.92896255830993],[-81.91354050632603,35.92901879122607],[-81.9134545623921,35.92907570995099],[-81.91334491925922,35.929126052411675],[-81.9132212986351,35.92919579489561],[-81.9131353547012,35.92925271265054],[-81.9130264004017,35.92932211884004],[-81.91294898988589,35.92937167671778],[-81.9128774354946,35.929421108180094],[-81.91277442160285,35.929492747852514],[-81.91268864935702,35.92955444271417],[-81.91261503366816,35.92962777159885],[-81.91253537351817,35.92969646381122],[-81.91245573209778,35.929765169444906],[-81.91236839801064,35.92986506229463],[-81.9122904578631,35.929981437949934],[-81.91222476375843,35.930111833549894],[-81.91219882012794,35.93020549696035],[-81.91217268920137,35.93029439478012],[-81.91217310645543,35.930387428587906],[-81.91216078029144,35.9304521374002],[-81.91216775915197,35.93056409470107],[-81.91218706417649,35.93061135669517],[-81.9122299820357,35.93066280865775],[-81.9122662696132,35.9306929617992],[-81.91233468783548,35.93071995705744],[-81.91240289899152,35.93073980075698],[-81.91248874823685,35.930761612643806],[-81.91261718757322,35.93082533789712],[-81.91271897467556,35.930882556110696],[-81.91283870890574,35.93094887883602],[-81.91300393735693,35.93105707262801],[-81.9131550499259,35.93117990209802],[-81.91325788900795,35.93126572354141],[-81.91336191325806,35.93138491122336],[-81.91340320268179,35.93147218751164],[-81.91343836232059,35.93155246641232],[-81.91349653856818,35.931701376724256],[-81.91354817089838,35.931831377708036],[-81.91357712999596,35.93190224343358],[-81.91359418746738,35.93196862596603],[-81.91360892871043,35.93205178414496],[-81.91362667501525,35.93213724572262],[-81.91364478238533,35.93223223203703],[-81.91365736139905,35.93233689723701],[-81.91367217131734,35.93242244444462],[-81.91366915585024,35.93250124458363],[-81.91364268050694,35.932580604925704],[-81.91359820704966,35.932648471422795],[-81.91354777341444,35.93271406135302],[-81.91351173140293,35.932772193183574],[-81.9134756706618,35.93283031149096],[-81.91341732376667,35.93291999496273],[-81.91336740623625,35.932999900840095],[-81.91330655165454,35.93310155300369],[-81.91326231752004,35.93317657038321],[-81.91321774000933,35.93324204950498],[-81.91315877295602,35.93331502785085],[-81.91308282022814,35.933405102544455],[-81.91299747460118,35.93347871262909],[-81.91291722654957,35.933530728055544],[-81.91285782663417,35.933591792932916],[-81.91272557998444,35.93366652086392],[-81.91266903217235,35.93368906998806]]},"properties":{"gnis_name":"Linville River","gnis_id":"01012897","lengthkm":0.77514131,"fcode":55800,"fdate":1405468800000}},{"type":"Feature","geometry":{"type":"LineString","coordinates":[[-81.89792947893888,35.86180891898472],[-81.89793833180089,35.86176061238928],[-81.89795809361978,35.8616575496754],[-81.89796622122968,35.861557154137756],[-81.89796391228505,35.86149279376219],[-81.89795203146956,35.86140718926302],[-81.89794689227286,35.86134530044046],[-81.89795043425009,35.86128078641451],[-81.89798500182516,35.861182152873525],[-81.89803394957801,35.86107602067505],[-81.89809804542266,35.86098382877971],[-81.89815990828168,35.86091078540664],[-81.89823364363194,35.86084222575279],[-81.898253780043,35.860819732607695]]},"properties":{"gnis_name":"Linville River","gnis_id":"01012897","lengthkm":0.11847754,"fcode":55800,"fdate":1405468800000}},{"type":"Feature","geometry":{"type":"LineString","coordinates":[[-81.93483713345545,35.97111825124042],[-81.93339668186535,35.97096337889497],[-81.93236099794309,35.97076397234473],[-81.93220472224516,35.97073065127254],[-81.93171425204724,35.97080695758506]]},"properties":{"gnis_name":"Linville River","gnis_id":"01012897","lengthkm":0.28423613000000003,"fcode":55800,"fdate":1405468800000}},{"type":"Feature","geometry":{"type":"LineString","coordinates":[[-81.89961415631011,35.87072011944383],[-81.89956747379944,35.87064938526136],[-81.89952976277164,35.870578710038934],[-81.89949445433648,35.87049364824961],[-81.89946769596799,35.87040125398187],[-81.89943257691,35.87032096868307],[-81.89940348150246,35.87024532170494],[-81.89937310207615,35.87013390385736],[-81.89933504871271,35.87005368827286],[-81.89933011554173,35.870041208992824]]},"properties":{"gnis_name":"Linville River","gnis_id":"01012897","lengthkm":0.08043628,"fcode":55800,"fdate":1405468800000}},{"type":"Feature","geometry":{"type":"LineString","coordinates":[[-81.90084278538373,35.855965890138116],[-81.90081423833755,35.855456825574215],[-81.90077178559697,35.85513196402378],[-81.90074539141531,35.855057498423626],[-81.90066899021734,35.85484194779172],[-81.90055924823373,35.854644010960925],[-81.90050000335789,35.85453999443151]]},"properties":{"gnis_name":"Linville River","gnis_id":"01012897","lengthkm":0.16442184,"fcode":55800,"fdate":1405468800000}},{"type":"Feature","geometry":{"type":"LineString","coordinates":[[-81.93447148673877,35.967274215127524],[-81.9345822744589,35.967092625276905],[-81.93465116196195,35.96696929916727],[-81.93477579710657,35.9666847994816],[-81.93483787119396,35.96653538494303],[-81.93488983025178,35.96635044240437],[-81.93495920784626,35.96616029902891],[-81.934946596576,35.96605563736014],[-81.93491338689762,35.965949078979364],[-81.9348486032601,35.96586234691342],[-81.93479160801843,35.96581444742043]]},"properties":{"gnis_name":"Linville River","gnis_id":"01012897","lengthkm":0.17529065,"fcode":55800,"fdate":1405468800000}},{"type":"Feature","geometry":{"type":"LineString","coordinates":[[-81.93069561415052,35.95896936114908],[-81.93067496683733,35.958624883763044],[-81.93055507964867,35.95838331906534],[-81.9303886316918,35.95820930338653],[-81.93027418961678,35.958129730421085]]},"properties":{"gnis_name":"Linville River","gnis_id":"01012897","lengthkm":0.1057976,"fcode":55800,"fdate":1405468800000}},{"type":"Feature","geometry":{"type":"LineString","coordinates":[[-81.87681080807072,35.79042137638956],[-81.87480641626857,35.78960139466807],[-81.87362733637636,35.788919374172174]]},"properties":{"gnis_name":"Linville River","gnis_id":"01012897","lengthkm":0.33201827,"fcode":55800,"fdate":1405468800000}},{"type":"Feature","geometry":{"type":"LineString","coordinates":[[-81.89754086347799,35.885314675885844],[-81.8975336276056,35.88528656244629],[-81.89751404788014,35.88520756858472]]},"properties":{"gnis_name":"Linville River","gnis_id":"01012897","lengthkm":0.012230860000000001,"fcode":55800,"fdate":1405468800000}},{"type":"Feature","geometry":{"type":"LineString","coordinates":[[-81.9291149579078,35.94295750516722],[-81.92934807911166,35.94271957393765],[-81.92954254864513,35.94250019214688],[-81.92960658101723,35.94232449285506],[-81.92959818807118,35.942093289871394],[-81.92955148162824,35.94169598753568],[-81.92951344803492,35.94153706604216],[-81.92932171406495,35.941238163438314]]},"properties":{"gnis_name":"Linville River","gnis_id":"01012897","lengthkm":0.2107218,"fcode":55800,"fdate":1405468800000}},{"type":"Feature","geometry":{"type":"LineString","coordinates":[[-81.8969719547168,35.85139428427504],[-81.89706131680443,35.85127088649937],[-81.89723171254671,35.85108508481815],[-81.89756115492861,35.85082657583016],[-81.89777118772686,35.85062040665647]]},"properties":{"gnis_name":"Linville River","gnis_id":"01012897","lengthkm":0.11285615000000002,"fcode":55800,"fdate":1405468800000}},{"type":"Feature","geometry":{"type":"LineString","coordinates":[[-81.90938370261937,35.83955291085983],[-81.90950551271459,35.83937605088239]]},"properties":{"gnis_name":"Linville River","gnis_id":"01012897","lengthkm":0.02260718,"fcode":55800,"fdate":1405468800000}},{"type":"Feature","geometry":{"type":"LineString","coordinates":[[-81.90058171648117,35.80697455346018],[-81.90041689591924,35.806818723460715]]},"properties":{"gnis_name":"Linville River","gnis_id":"01012897","lengthkm":0.02285509,"fcode":55800,"fdate":1405468800000}},{"type":"Feature","geometry":{"type":"LineString","coordinates":[[-81.90091224830198,35.91223914137191],[-81.90054278802874,35.91192581054224]]},"properties":{"gnis_name":"Linville River","gnis_id":"01012897","lengthkm":0.04819737,"fcode":55800,"fdate":1405468800000}},{"type":"Feature","geometry":{"type":"LineString","coordinates":[[-81.92736249703994,35.950096108798796],[-81.92715334037118,35.9501010112288],[-81.9269162412064,35.9500509002932],[-81.92682538699323,35.94997868877021],[-81.92680598415853,35.94989412673291],[-81.92684334244537,35.94984273109047],[-81.92690037514625,35.94979355415183],[-81.92690901677987,35.949761469217414],[-81.92686464841648,35.94970939792714],[-81.92670715945607,35.94969191840177],[-81.92616339311434,35.94956413268562],[-81.92565378021516,35.949568377275185],[-81.9251390062681,35.949609944590335],[-81.92461031414024,35.94971826109211],[-81.92436181696766,35.949803932686116],[-81.9242250939413,35.94990816523851],[-81.92410871855441,35.950033168982955],[-81.9238372744888,35.95020706116071],[-81.92348132658815,35.950483936402236],[-81.92321161397088,35.95061527444812],[-81.92298653713422,35.9507163117946],[-81.92280571524275,35.950776424191],[-81.92261137993815,35.95082359070849],[-81.92235739499004,35.95084828120461],[-81.92226457208685,35.95084066987483]]},"properties":{"gnis_name":"Linville River","gnis_id":"01012897","lengthkm":0.54439828,"fcode":55800,"fdate":1405468800000}},{"type":"Feature","geometry":{"type":"LineString","coordinates":[[-81.89699127326827,35.90448788484129],[-81.89695584829333,35.90443621947089],[-81.8969017644654,35.90428813436427],[-81.89686068314843,35.904058191441955]]},"properties":{"gnis_name":"Linville River","gnis_id":"01012897","lengthkm":0.04987805000000001,"fcode":55800,"fdate":1405468800000}},{"type":"Feature","geometry":{"type":"LineString","coordinates":[[-81.86930241361549,35.78615603779746],[-81.86627967318505,35.78355132765033],[-81.86551753000407,35.7828945324467],[-81.86543646097127,35.78283915302265]]},"properties":{"gnis_name":"Linville River","gnis_id":"01012897","lengthkm":0.50788709,"fcode":55800,"fdate":1405468800000}},{"type":"Feature","geometry":{"type":"LineString","coordinates":[[-81.89343189935563,35.79761661412888],[-81.89340657900492,35.797531655535224],[-81.89336845384462,35.79744439704206],[-81.89334044371392,35.7973750904823],[-81.8933300529429,35.79734939842738],[-81.89328639110198,35.79728561808867],[-81.89325909789908,35.79723438920279],[-81.89324077097638,35.797212278906756],[-81.89319590731887,35.797158131527],[-81.89314524060408,35.79707636602722],[-81.8930786693294,35.79699497854243],[-81.89302268444611,35.796941854752404],[-81.8929631180453,35.79687845134224],[-81.89290994052234,35.796814895966364],[-81.89285758085899,35.79677465615825],[-81.89278323471537,35.796730327275405]]},"properties":{"gnis_name":"Linville River","gnis_id":"01012897","lengthkm":0.11707154,"fcode":55800,"fdate":1405468800000}},{"type":"Feature","geometry":{"type":"LineString","coordinates":[[-81.89727292601147,35.88003626166499],[-81.89726125018113,35.87998237312941],[-81.89724042493667,35.879892213155166],[-81.89722639541876,35.87982813240108],[-81.89721746555725,35.8797424574977],[-81.89721511707235,35.879718693276416]]},"properties":{"gnis_name":"Linville River","gnis_id":"01012897","lengthkm":0.03596978,"fcode":55800,"fdate":1405468800000}},{"type":"Feature","geometry":{"type":"LineString","coordinates":[[-81.9244681137437,35.93244269887157],[-81.92446490057516,35.93244100117333],[-81.92435120248186,35.932379311091736],[-81.92419680390697,35.93232814417926],[-81.92408388205192,35.932287906556724],[-81.92394173264152,35.9322507466838],[-81.92382015562589,35.932215496814734],[-81.92366087070405,35.93219068591224],[-81.92338311788174,35.9321353019981],[-81.92325278477375,35.932100262710975],[-81.9231140025309,35.93207495888993],[-81.9230072822576,35.932044090963906],[-81.92289453521222,35.93200864384952],[-81.922767207166,35.931975908839824],[-81.9226483272141,35.93193342231065],[-81.92253531899473,35.931890795055104],[-81.9224164400834,35.931848322803276],[-81.92230514458274,35.93177226110217],[-81.92218533231251,35.93170355721266],[-81.92210439438695,35.93164149752369]]},"properties":{"gnis_name":"Linville River","gnis_id":"01012897","lengthkm":0.23245355000000004,"fcode":55800,"fdate":1405468800000}},{"type":"Feature","geometry":{"type":"LineString","coordinates":[[-81.9081468835038,35.92486454472136],[-81.90809581722402,35.924770888465844],[-81.90804893805246,35.92469090012186],[-81.90801110944433,35.92461785483255],[-81.90799689054926,35.92458565687838]]},"properties":{"gnis_name":"Linville River","gnis_id":"01012897","lengthkm":0.034002370000000004,"fcode":55800,"fdate":1405468800000}},{"type":"Feature","geometry":{"type":"LineString","coordinates":[[-81.89603909010647,35.80361836037267],[-81.89594460755177,35.803573338245876],[-81.89586900340274,35.80352845533742],[-81.89577396624348,35.803474313106534],[-81.89572640760332,35.80344221948991]]},"properties":{"gnis_name":"Linville River","gnis_id":"01012897","lengthkm":0.034306920000000005,"fcode":55800,"fdate":1405468800000}},{"type":"Feature","geometry":{"type":"LineString","coordinates":[[-81.90050000335789,35.85453999443151],[-81.90046064932712,35.854470875180006],[-81.90028146627647,35.85434039458092],[-81.89996729060724,35.85416613140332],[-81.89989523988129,35.85412366972344]]},"properties":{"gnis_name":"Linville River","gnis_id":"01012897","lengthkm":0.07243977,"fcode":55800,"fdate":1405468800000}},{"type":"Feature","geometry":{"type":"LineString","coordinates":[[-81.89686068314843,35.904058191441955],[-81.8968515243695,35.90400690590874],[-81.89685729621077,35.90384805109971],[-81.89688180494505,35.90365140570438],[-81.89693507299448,35.90337706688738],[-81.89698091371326,35.9031355684786],[-81.89700707793693,35.902985576953725],[-81.89698739623917,35.90283665892986],[-81.89694282809326,35.902714013009074],[-81.89690436580003,35.902521210715605],[-81.89688949344969,35.90234649974609],[-81.89694543775215,35.90214678769256],[-81.89695151030772,35.902136580743395]]},"properties":{"gnis_name":"Linville River","gnis_id":"01012897","lengthkm":0.21783819000000001,"fcode":55800,"fdate":1405468800000}},{"type":"Feature","geometry":{"type":"LineString","coordinates":[[-81.8969663597663,35.88752991323709],[-81.89699232420749,35.887462233112075],[-81.89709488442645,35.8872030537118],[-81.89715718222861,35.887068492021946]]},"properties":{"gnis_name":"Linville River","gnis_id":"01012897","lengthkm":0.05442906,"fcode":55800,"fdate":1405468800000}},{"type":"Feature","geometry":{"type":"LineString","coordinates":[[-81.89720163487523,35.904713090678506],[-81.89715963892903,35.90467878935661],[-81.8970345698818,35.90455105561404],[-81.89699127326827,35.90448788484129]]},"properties":{"gnis_name":"Linville River","gnis_id":"01012897","lengthkm":0.03159578,"fcode":55800,"fdate":1405468800000}},{"type":"Feature","geometry":{"type":"LineString","coordinates":[[-81.89892551227823,35.86721854266628],[-81.89891387286657,35.86720239997099]]},"properties":{"gnis_name":"Linville River","gnis_id":"01012897","lengthkm":0.00208616,"fcode":55800,"fdate":1405468800000}},{"type":"Feature","geometry":{"type":"LineString","coordinates":[[-81.92910440169187,35.9560153010804],[-81.92902427746378,35.95586542247229],[-81.9289636601238,35.95573298134287]]},"properties":{"gnis_name":"Linville River","gnis_id":"01012897","lengthkm":0.03403728,"fcode":55800,"fdate":1405468800000}},{"type":"Feature","geometry":{"type":"LineString","coordinates":[[-81.8618148308778,35.78036458884714],[-81.86116244528849,35.77991882348014],[-81.86054297074429,35.779544155580346]]},"properties":{"gnis_name":"Linville River","gnis_id":"01012897","lengthkm":0.14643493,"fcode":55800,"fdate":1405468800000}},{"type":"Feature","geometry":{"type":"LineString","coordinates":[[-81.91378545007551,35.833651672180885],[-81.91373922748079,35.83356272318711],[-81.91366528610484,35.8334328813673],[-81.91357946495394,35.8332939176453],[-81.91354503785095,35.83313962654614],[-81.91357168800393,35.83302846445664]]},"properties":{"gnis_name":"Linville River","gnis_id":"01012897","lengthkm":0.0743353,"fcode":55800,"fdate":1405468800000}},{"type":"Feature","geometry":{"type":"LineString","coordinates":[[-81.90054278802874,35.91192581054224],[-81.90044159299018,35.911821446998715],[-81.9002938736021,35.91166708710136],[-81.9001230200249,35.91146341908725],[-81.90002640541634,35.9112852118838]]},"properties":{"gnis_name":"Linville River","gnis_id":"01012897","lengthkm":0.08573564,"fcode":55800,"fdate":1405468800000}},{"type":"Feature","geometry":{"type":"LineString","coordinates":[[-81.89761656751828,35.8817125934671],[-81.89762831722653,35.881634128861805],[-81.89762825791611,35.88155063356732],[-81.89761405566956,35.88148178995013],[-81.89759365912502,35.88140354515843],[-81.89757257790922,35.88130621982351],[-81.89754984536617,35.88124473604272],[-81.89753815080623,35.88116389434195],[-81.89752302664672,35.881068834061274],[-81.89751744002048,35.88099500321863],[-81.89749687282838,35.88091199455001],[-81.89746951199079,35.88080289668416],[-81.89745462611351,35.88071497265175],[-81.89744569521147,35.88062929786456],[-81.89742202202584,35.88054159789952],[-81.8974017971694,35.88046811560206],[-81.89737623333376,35.88040907527213],[-81.89734334518035,35.880309655334294],[-81.89731752537338,35.8802434916523],[-81.8973022118367,35.88014363984598],[-81.89728232931589,35.88007969671864],[-81.89727292601147,35.88003626166499]]},"properties":{"gnis_name":"Linville River","gnis_id":"01012897","lengthkm":0.19113709,"fcode":55800,"fdate":1405468800000}},{"type":"Feature","geometry":{"type":"LineString","coordinates":[[-81.92759868157546,35.953988247657435],[-81.92744869174251,35.95384675705804],[-81.92725189453483,35.953598601033065],[-81.92710468812993,35.953342086013166],[-81.92694105897927,35.9527948985248],[-81.92690995013874,35.95269878042485]]},"properties":{"gnis_name":"Linville River","gnis_id":"01012897","lengthkm":0.15935201,"fcode":55800,"fdate":1405468800000}},{"type":"Feature","geometry":{"type":"LineString","coordinates":[[-81.90866677063421,35.926330245191224],[-81.908590407936,35.92625451016442],[-81.90849424387861,35.92610889341918],[-81.90847493989459,35.925980511770085],[-81.90845842037919,35.92584731023831],[-81.90845271721317,35.925771107947945],[-81.9084298951842,35.92570723706394],[-81.90837396648975,35.92562029398101],[-81.90831442922389,35.925433236773294],[-81.90825403559867,35.92530347299569],[-81.9081468835038,35.92486454472136]]},"properties":{"gnis_name":"Linville River","gnis_id":"01012897","lengthkm":0.17290987,"fcode":55800,"fdate":1405468800000}},{"type":"Feature","geometry":{"type":"LineString","coordinates":[[-81.89747894443013,35.89176578287209],[-81.8974258595147,35.89171156007417],[-81.89722479715877,35.891543619549886],[-81.8969567015311,35.891346924197116],[-81.89695570990234,35.891346260781354]]},"properties":{"gnis_name":"Linville River","gnis_id":"01012897","lengthkm":0.06641123,"fcode":55800,"fdate":1405468800000}},{"type":"Feature","geometry":{"type":"LineString","coordinates":[[-81.89721511707235,35.879718693276416],[-81.89720827764334,35.8796496322353],[-81.89720303439327,35.879585341354854],[-81.8972005548011,35.879516218651645],[-81.89720358587621,35.879437417161974],[-81.89721499220828,35.87934647754701],[-81.89724412611555,35.8792598991663],[-81.89728213369551,35.87917549925472],[-81.89734273022484,35.879066700826364],[-81.89741856225079,35.87897423140323],[-81.89748895332527,35.878893843502404],[-81.89753093886611,35.87883797880392],[-81.8976127071377,35.878747758509874],[-81.89766654227806,35.87868438335003]]},"properties":{"gnis_name":"Linville River","gnis_id":"01012897","lengthkm":0.12690621000000002,"fcode":55800,"fdate":1405468800000}},{"type":"Feature","geometry":{"type":"LineString","coordinates":[[-81.92135167740214,35.948939539560556],[-81.92135800072636,35.9489230698479],[-81.92152707811226,35.94856832494816],[-81.92178554359914,35.948333110378925],[-81.92199402079927,35.94817541523497],[-81.92210842333401,35.94801285765048],[-81.92223077242578,35.947826235018915],[-81.92237466473034,35.947667709130954],[-81.92254518221512,35.94743459780648],[-81.92275632110086,35.947188590750116],[-81.92299584262844,35.94689619834557]]},"properties":{"gnis_name":"Linville River","gnis_id":"01012897","lengthkm":0.27427906,"fcode":55800,"fdate":1405468800000}},{"type":"Feature","geometry":{"type":"LineString","coordinates":[[-81.9141169589576,35.83427283693283],[-81.91404248899048,35.834128907702734],[-81.91393699758764,35.833924623544284],[-81.91388212191342,35.83382826653858]]},"properties":{"gnis_name":"Linville River","gnis_id":"01012897","lengthkm":0.05404233,"fcode":55800,"fdate":1405468800000}},{"type":"Feature","geometry":{"type":"LineString","coordinates":[[-81.89218040767226,35.79670414466287],[-81.89216132636251,35.79670562836978],[-81.89205321697649,35.79670819573971],[-81.89195417792406,35.796697591201635],[-81.89184514038189,35.796674240957365],[-81.8917488327308,35.79665060375474],[-81.89165860179742,35.79661904836949],[-81.89156770492238,35.79656934327418],[-81.89148253306458,35.79650136521413],[-81.89132002664992,35.796406692935165],[-81.89122744619112,35.796310376473144],[-81.89115529869552,35.796249862343856],[-81.8910893777545,35.79618660860995],[-81.89103655609412,35.796133409165144],[-81.89098981115141,35.79607229061067],[-81.89093316448859,35.79600104507175],[-81.8908631563306,35.7959119652707],[-81.89078070026613,35.795830953009876],[-81.89061344381446,35.79569231675942],[-81.89047170229335,35.795555682203236],[-81.890140647084,35.79528611496771],[-81.89000021975713,35.79518573502112],[-81.88992947698223,35.79515415964233]]},"properties":{"gnis_name":"Linville River","gnis_id":"01012897","lengthkm":0.27560699,"fcode":55800,"fdate":1496102400000}},{"type":"Feature","geometry":{"type":"LineString","coordinates":[[-81.90641021481821,35.842372176166066],[-81.90677536311917,35.84200401260821]]},"properties":{"gnis_name":"Linville River","gnis_id":"01012897","lengthkm":0.05261158,"fcode":55800,"fdate":1405468800000}},{"type":"Feature","geometry":{"type":"LineString","coordinates":[[-81.85120286420103,35.761960607347405],[-81.85099975823661,35.7617526166192],[-81.84851083768481,35.76033593835755],[-81.84795913311032,35.76009180633766]]},"properties":{"gnis_name":"Linville River","gnis_id":"01012897","lengthkm":0.35975821,"fcode":55800,"fdate":1405468800000}},{"type":"Feature","geometry":{"type":"LineString","coordinates":[[-81.89920115906004,35.89679514500415],[-81.89915289285685,35.89667237255699],[-81.89912107749382,35.89650507726931],[-81.89908048314672,35.896333325137654],[-81.89903415857968,35.89616170834293],[-81.89896010378554,35.896016417200705],[-81.89889246596367,35.89592302012696]]},"properties":{"gnis_name":"Linville River","gnis_id":"01012897","lengthkm":0.10223596,"fcode":55800,"fdate":1405468800000}},{"type":"Feature","geometry":{"type":"LineString","coordinates":[[-81.89882495716797,35.87552413962333],[-81.89882282823572,35.875464828334025],[-81.89882611320108,35.87539317768102],[-81.89882062958769,35.87532173521842],[-81.89880023408368,35.875243490243776],[-81.89879179743524,35.8751721184699],[-81.89878377491924,35.875134289295815]]},"properties":{"gnis_name":"Linville River","gnis_id":"01012897","lengthkm":0.04395968,"fcode":55800,"fdate":1405468800000}},{"type":"Feature","geometry":{"type":"LineString","coordinates":[[-81.90306501919069,35.92106733461171],[-81.90302496279956,35.9210339479157],[-81.90294275438218,35.92095003240155],[-81.90288087591514,35.92086083757409],[-81.90281357002357,35.92078371030018],[-81.90275717204833,35.920682461942526],[-81.90275051991543,35.92065705503413]]},"properties":{"gnis_name":"Linville River","gnis_id":"01012897","lengthkm":0.0543695,"fcode":55800,"fdate":1405468800000}},{"type":"Feature","geometry":{"type":"LineString","coordinates":[[-81.89349798886316,35.79780086659562],[-81.89348871042282,35.79778120226177],[-81.89345694084328,35.797693807320535],[-81.89343189935563,35.79761661412888]]},"properties":{"gnis_name":"Linville River","gnis_id":"01012897","lengthkm":0.021473340000000004,"fcode":55800,"fdate":1405468800000}},{"type":"Feature","geometry":{"type":"LineString","coordinates":[[-81.85374372820262,35.76479745138122],[-81.85344860782979,35.764260345657995],[-81.85283036423716,35.763627271164374]]},"properties":{"gnis_name":"Linville River","gnis_id":"01012897","lengthkm":0.15566037000000002,"fcode":55800,"fdate":1405468800000}},{"type":"Feature","geometry":{"type":"LineString","coordinates":[[-81.89715718222861,35.887068492021946],[-81.89724129066083,35.88688680555847],[-81.89733230719725,35.886625566467565],[-81.89744159967024,35.8863942394208],[-81.89751532357462,35.88621095219663],[-81.89751463786283,35.88613002030328],[-81.89753251943702,35.886042076893965],[-81.89754076878941,35.88597587753541],[-81.89756791111489,35.88591559869131],[-81.89758017484685,35.885848501403935],[-81.89759654556595,35.885733596819506],[-81.8975973592634,35.88567392898645],[-81.89759610333905,35.88555705314574],[-81.89757802510393,35.885462063051264],[-81.89755747351985,35.88537904051768],[-81.89754086347799,35.885314675885844]]},"properties":{"gnis_name":"Linville River","gnis_id":"01012897","lengthkm":0.20286598,"fcode":55800,"fdate":1405468800000}},{"type":"Feature","geometry":{"type":"LineString","coordinates":[[-81.92210439438695,35.93164149752369],[-81.92191079057766,35.931475707645646],[-81.92162325673713,35.93129394450324],[-81.92109235555591,35.930977196803674],[-81.92009240876877,35.930427240846576],[-81.91963421280929,35.93022299006404],[-81.91887879043647,35.929930198710785],[-81.91862784280667,35.92985650022383],[-81.91841225563873,35.92985634603578],[-81.91826094016564,35.92991840965367],[-81.91811703017197,35.9300042156153],[-81.9180099082526,35.93011306115251],[-81.91796881132764,35.930241570057945],[-81.9179792707739,35.93035025097062],[-81.91802900517035,35.93046065643638],[-81.91812796514222,35.930577856914034],[-81.91825910154232,35.930680990022694],[-81.91836048699858,35.930774213791416],[-81.91842625185954,35.930876261443615],[-81.91846368922694,35.93100821764698],[-81.9185052439868,35.931163978865136],[-81.91854260227363,35.93129327383952],[-81.91868727185701,35.931590041985295],[-81.91891182114303,35.93192742598484],[-81.9191206281924,35.93228110395486],[-81.919286898218,35.93254282845906],[-81.9193571040774,35.93276804458241],[-81.91937602722602,35.932929673047305],[-81.91943151993681,35.933018667221724],[-81.91946559221773,35.9331480408876],[-81.9194983274127,35.933420931806275],[-81.91949153792932,35.93359378211763],[-81.91943181128627,35.93374931834491],[-81.91933398549634,35.93384465910632],[-81.91916720769022,35.93393101349607],[-81.91902504371237,35.93397426395424],[-81.9187848375135,35.93392686158563],[-81.91853734029395,35.93385839041768],[-81.91837913440573,35.93381967431438],[-81.91765746695101,35.93382895799165],[-81.91713385783103,35.933894611816115],[-81.91668705571722,35.933915913111356],[-81.91658392632623,35.933910390429055]]},"properties":{"gnis_name":"Linville River","gnis_id":"01012897","lengthkm":1.14517158,"fcode":55800,"fdate":1405468800000}},{"type":"Feature","geometry":{"type":"LineString","coordinates":[[-81.87153632429332,35.78770985821831],[-81.87022611008207,35.7869519372305],[-81.86930241361549,35.78615603779746]]},"properties":{"gnis_name":"Linville River","gnis_id":"01012897","lengthkm":0.26645565000000004,"fcode":55800,"fdate":1405468800000}},{"type":"Feature","geometry":{"type":"LineString","coordinates":[[-81.89334990945035,35.80253389387544],[-81.89330195332624,35.80252253565713],[-81.89324715361101,35.80250309444108],[-81.89319179721016,35.80246812184443],[-81.8931684216172,35.802437556148604],[-81.8931505681374,35.80238354060511],[-81.89313906919783,35.802329360461556],[-81.8931471374973,35.80228768372749],[-81.89315251601677,35.80227544527038]]},"properties":{"gnis_name":"Linville River","gnis_id":"01012897","lengthkm":0.038762880000000006,"fcode":55800,"fdate":1405468800000}},{"type":"Feature","geometry":{"type":"LineString","coordinates":[[-81.93309111141104,35.96913404527492],[-81.93313629243139,35.96911991923527],[-81.93320088461068,35.969104540089894],[-81.93327126840143,35.96909248486575],[-81.93336710989331,35.96907983340497],[-81.93343132539937,35.96905409930173],[-81.93347407365154,35.96902198176822],[-81.93351481159233,35.968973809654166],[-81.93354146278584,35.968927105362724],[-81.93358728893715,35.968824689144206],[-81.93361350518752,35.96876648783121],[-81.93365227547879,35.96866421204242],[-81.93368011079981,35.968572605255794],[-81.93370314093555,35.968505275740945],[-81.93373485536677,35.968442333751064],[-81.93378224648099,35.96838247817967],[-81.93381746022756,35.968337873011976],[-81.9338594790655,35.96828620556649],[-81.93390168311849,35.968239128638665],[-81.93396118396565,35.96816171915516],[-81.93399546019123,35.968091801362874],[-81.93406298251386,35.967962367005555],[-81.93411595713273,35.96786093738049],[-81.93415287631427,35.967785774391224],[-81.93419801467273,35.96766250410429],[-81.9342693900922,35.967527193320485],[-81.934361555378,35.967398527769475],[-81.93447148673877,35.967274215127524]]},"properties":{"gnis_name":"Linville River","gnis_id":"01012897","lengthkm":0.25373166,"fcode":55800,"fdate":1405468800000}},{"type":"Feature","geometry":{"type":"LineString","coordinates":[[-81.9053265487585,35.84412121397893],[-81.90537890425973,35.843884531615],[-81.90545404745227,35.843619522104376],[-81.90551492596627,35.84338618769539],[-81.90577172243685,35.8430353826436],[-81.90593023216096,35.8428403027431]]},"properties":{"gnis_name":"Linville River","gnis_id":"01012897","lengthkm":0.15558774,"fcode":55800,"fdate":1405468800000}},{"type":"Feature","geometry":{"type":"LineString","coordinates":[[-81.92226457208685,35.95084066987483],[-81.92224597462533,35.95083899615713],[-81.92215381350165,35.95080541734609],[-81.92206861667103,35.95072157217864],[-81.92194625717396,35.95058375000137],[-81.92183355799312,35.95038843966369],[-81.92169852063161,35.95014355032574],[-81.9213500187912,35.94975587520062],[-81.92125387242287,35.949612643470495],[-81.92122761767274,35.9494466411091]]},"properties":{"gnis_name":"Linville River","gnis_id":"01012897","lengthkm":0.18614491000000002,"fcode":55800,"fdate":1405468800000}},{"type":"Feature","geometry":{"type":"LineString","coordinates":[[-81.9090357803563,35.82267825876102],[-81.90894429870123,35.82254898972181],[-81.9087385456187,35.82226319688529],[-81.90851572778101,35.82197550552541],[-81.90830663354429,35.82167594888735],[-81.90803597716281,35.821317866999664],[-81.9078687529677,35.82107449934683],[-81.907856604735,35.82105682266303],[-81.90776883674523,35.82091146129876]]},"properties":{"gnis_name":"Linville River","gnis_id":"01012897","lengthkm":0.22813664,"fcode":55800,"fdate":1405468800000}},{"type":"Feature","geometry":{"type":"LineString","coordinates":[[-81.90664106245562,35.92257199477432],[-81.90661109924287,35.92255654758223],[-81.90651794753096,35.92249435347578],[-81.90645709294924,35.92243376454349],[-81.9063665165586,35.922361974384586],[-81.9062798380078,35.92231631605571],[-81.9062704836085,35.9223101824932]]},"properties":{"gnis_name":"Linville River","gnis_id":"01012897","lengthkm":0.044525730000000006,"fcode":55800,"fdate":1405468800000}},{"type":"Feature","geometry":{"type":"LineString","coordinates":[[-81.89572640760332,35.80344221948991],[-81.89569325515431,35.80341986028233],[-81.89561765100527,35.80337497728717],[-81.89551299307004,35.80331911676292],[-81.8954423044029,35.80327803803253],[-81.89535218168504,35.8032276594476],[-81.89525308332217,35.80319306777131],[-81.89515368840718,35.803150709614464],[-81.89507843283697,35.803115565989934],[-81.89498570150074,35.8030845887168],[-81.8949697126576,35.80307924256837],[-81.89485316974475,35.803023678891506],[-81.89475600677484,35.802977374531864],[-81.89465398139028,35.80292729196805],[-81.89461256398089,35.802907649156964]]},"properties":{"gnis_name":"Linville River","gnis_id":"01012897","lengthkm":0.11670734,"fcode":55800,"fdate":1405468800000}},{"type":"Feature","geometry":{"type":"LineString","coordinates":[[-81.91293518928542,35.826395737075636],[-81.91285618779335,35.82639158458662],[-81.91261076435777,35.82634209553986],[-81.91238857604307,35.8263081829545],[-81.91224473368409,35.82628115883952]]},"properties":{"gnis_name":"Linville River","gnis_id":"01012897","lengthkm":0.0632389,"fcode":55800,"fdate":1405468800000}},{"type":"Feature","geometry":{"type":"LineString","coordinates":[[-81.90908670512349,35.93302173906417],[-81.90896725495904,35.93299990842282],[-81.90884590894193,35.93296939134812],[-81.9087418534758,35.93293132018357],[-81.90866143165503,35.932897450674375],[-81.90856264961445,35.93284254918018],[-81.90848128194841,35.93278246442493],[-81.90841171185518,35.932724474989016],[-81.90834466713757,35.93265450223754],[-81.90830061613703,35.93257205747195],[-81.90826788406369,35.93247740436512],[-81.90827214713087,35.932415994874546]]},"properties":{"gnis_name":"Linville River","gnis_id":"01012897","lengthkm":0.1081474,"fcode":55800,"fdate":1405468800000}},{"type":"Feature","geometry":{"type":"LineString","coordinates":[[-81.90521919167847,35.81031961722301],[-81.90500574592917,35.81023030117254],[-81.90488255192395,35.810155937716466]]},"properties":{"gnis_name":"Linville River","gnis_id":"01012897","lengthkm":0.03539727000000001,"fcode":55800,"fdate":1405468800000}},{"type":"Feature","geometry":{"type":"LineString","coordinates":[[-81.8980349235177,35.878386934480574],[-81.8980649835001,35.87836244309512],[-81.89815596673945,35.87828394228994],[-81.89823282369126,35.87822007691352],[-81.89828953174558,35.87816625206167],[-81.8983341592019,35.878103152976294],[-81.89837535601811,35.878025833953956],[-81.8984301817467,35.87791956327903],[-81.89845939993721,35.877835357541265],[-81.89846502298214,35.87774696060114],[-81.89844738905498,35.877663869276056],[-81.89844424456167,35.877657603255976]]},"properties":{"gnis_name":"Linville River","gnis_id":"01012897","lengthkm":0.09390743000000001,"fcode":55800,"fdate":1405468800000}},{"type":"Feature","geometry":{"type":"LineString","coordinates":[[-81.89912933829206,35.86754736757356],[-81.89910524993344,35.867489708087014],[-81.8990555165775,35.86740982880129]]},"properties":{"gnis_name":"Linville River","gnis_id":"01012897","lengthkm":0.01679707,"fcode":55800,"fdate":1405468800000}},{"type":"Feature","geometry":{"type":"LineString","coordinates":[[-81.92810718630608,35.95037516692952],[-81.92803702727069,35.95033042776669],[-81.92787561237606,35.950248415870014],[-81.92776981401572,35.95016267652836],[-81.9276856493947,35.9501074391396],[-81.92750001295309,35.95008563932996],[-81.92736249703994,35.950096108798796]]},"properties":{"gnis_name":"Linville River","gnis_id":"01012897","lengthkm":0.07747283,"fcode":55800,"fdate":1405468800000}},{"type":"Feature","geometry":{"type":"LineString","coordinates":[[-81.90966743122759,35.83910521611737],[-81.90977782666647,35.838859888668445],[-81.90989713115617,35.83861351785903]]},"properties":{"gnis_name":"Linville River","gnis_id":"01012897","lengthkm":0.05877476,"fcode":55800,"fdate":1405468800000}},{"type":"Feature","geometry":{"type":"LineString","coordinates":[[-81.85522308015072,35.77435393573679],[-81.85522104174491,35.774350934564104],[-81.85479119200859,35.77109052109921],[-81.85481718142258,35.77063600288528]]},"properties":{"gnis_name":"Linville River","gnis_id":"01012897","lengthkm":0.41839862,"fcode":55800,"fdate":1405468800000}},{"type":"Feature","geometry":{"type":"LineString","coordinates":[[-81.9107421497367,35.82492431573495],[-81.91069077858052,35.824869843028395],[-81.91045887896338,35.82464467004845],[-81.91025600087588,35.82443954647923],[-81.91010510265687,35.82426089373673],[-81.91002801574709,35.82416582426767],[-81.90991932054052,35.8239827845934]]},"properties":{"gnis_name":"Linville River","gnis_id":"01012897","lengthkm":0.12910089,"fcode":55800,"fdate":1405468800000}},{"type":"Feature","geometry":{"type":"LineString","coordinates":[[-81.90010801032412,35.8488924256094],[-81.90016917394438,35.84885307922938],[-81.90047029299485,35.84866417652389],[-81.90051232744081,35.848626373493744]]},"properties":{"gnis_name":"Linville River","gnis_id":"01012897","lengthkm":0.046954550000000005,"fcode":55800,"fdate":1405468800000}},{"type":"Feature","geometry":{"type":"LineString","coordinates":[[-81.91795972642659,35.939255251393554],[-81.91787057868895,35.93925738196855],[-81.91770058563326,35.93926144682594],[-81.91757747695179,35.93926439037218],[-81.91746359364346,35.93927903649316],[-81.91734651381513,35.93928660175907],[-81.91724159678698,35.93930581483539],[-81.9171572032485,35.939324537597166],[-81.91709383161539,35.9393570564223],[-81.91703046102285,35.939389590398264],[-81.91697045759781,35.939433968445265],[-81.91688753017154,35.939493220854],[-81.91681967904019,35.93956400810242],[-81.91678717692484,35.93963874723663],[-81.9167463109984,35.939725609192706],[-81.91672957609246,35.939830975500136],[-81.91672079294625,35.93991230487257],[-81.91670250868543,35.93997476497178],[-81.91665801649852,35.94004263270276],[-81.91661845019884,35.940084130893474],[-81.9165677574707,35.940142613659724],[-81.91650249934975,35.940203806536005],[-81.91644206514371,35.94023625507629],[-81.9163697272304,35.94026423526567],[-81.91628559174433,35.94029010848655],[-81.91618041250166,35.94030215547048],[-81.9160984205153,35.94030650417848],[-81.91603040706069,35.9402914252304],[-81.91595005911782,35.940259950581314],[-81.91588332864144,35.94019952100591],[-81.91582988682289,35.94010059823627],[-81.91579161182574,35.94001562714887],[-81.91575152109701,35.9399617044706],[-81.91571979313882,35.93989567237025],[-81.91567332705921,35.9398275871606],[-81.91564773304809,35.93976858015608],[-81.91562505461282,35.93970946021893],[-81.91561393546809,35.9396453116335],[-81.91561126545824,35.939571413274756],[-81.91561773445719,35.93950684587727],[-81.91563576170614,35.93943723464565],[-81.91566532743497,35.93936256608722],[-81.91569774630761,35.93928545433237],[-81.91572482516052,35.939222783073944],[-81.915776035034,35.93917861636544],[-81.91585621857251,35.93912421038719],[-81.91594253293647,35.93907681616162],[-81.91602846854613,35.93901989537015],[-81.91615538245988,35.938959606379946],[-81.91623302293367,35.93891719774072],[-81.91630726294282,35.93886052957288],[-81.91638727375273,35.93880137525792],[-81.91645589800072,35.93875202463993],[-81.91653322839541,35.938700076676426],[-81.91666323373524,35.9386444799671],[-81.91676979480687,35.93858945693706],[-81.91689074854271,35.938526918236306],[-81.91694522153033,35.93849220697398],[-81.91701384369725,35.93844285700545],[-81.91708823770541,35.938390978763444],[-81.91718514470398,35.93831232518755],[-81.91724758401875,35.93825357484708],[-81.91731593148472,35.938197074697115],[-81.9173872330263,35.938140489417364],[-81.91746387354706,35.938069476796976],[-81.91752318605761,35.93800603539846],[-81.91763405181777,35.937907952355346],[-81.91775053125808,35.937802575902026],[-81.91783542945547,35.93771703704404],[-81.91793242177782,35.937640770370905],[-81.91816061605391,35.93738004760114],[-81.91832440024412,35.93720435967353],[-81.91844881063342,35.93707494799471],[-81.91850794937481,35.93700672808561],[-81.91858742222871,35.93693325524085],[-81.91868466844132,35.93686412532782],[-81.91877638733811,35.9368046746495],[-81.9188794917563,35.936735418251416],[-81.91906605531355,35.93662120845883],[-81.91915734238879,35.93654984484165],[-81.9192814853609,35.9364943839452],[-81.91939094535984,35.93643927516969],[-81.91953303650033,35.936392932444186],[-81.91965742087629,35.93634463764559],[-81.91976121308734,35.93629443036726],[-81.91986802908978,35.9362465567533],[-81.92006191072161,35.9361727209311],[-81.9202672475906,35.936091469432306],[-81.92034802839555,35.93605375109033],[-81.92048154969925,35.9360147698348],[-81.92060361680633,35.93598322018582],[-81.92073173045561,35.935956291596725],[-81.92081620619626,35.93593995481942],[-81.92093550964542,35.93591325200376],[-81.92105422519295,35.93586984337511],[-81.92115533906988,35.935826871977085],[-81.92126818184438,35.93578361747749],[-81.9213635228395,35.9357431591951],[-81.92157808300055,35.9356736086784],[-81.92170248090343,35.93562528226795],[-81.9218125589795,35.93558687538381],[-81.9219106657136,35.93554158359496],[-81.92200868608337,35.93549391762192],[-81.92210402811904,35.93545345834873],[-81.92246039639535,35.93533041057119],[-81.92259322574404,35.93527236234432],[-81.92287054154217,35.93515356807379],[-81.92310624535105,35.93501910813154],[-81.92324130144219,35.934941924738986],[-81.92332689887833,35.93487546045282],[-81.92342137623035,35.93481115882081],[-81.92347469838752,35.934776886557025]]},"properties":{"gnis_name":"Linville River","gnis_id":"01012897","lengthkm":1.2389276400000002,"fcode":55800,"fdate":1405468800000}},{"type":"Feature","geometry":{"type":"LineString","coordinates":[[-81.91152365413103,35.82592295514786],[-81.91145136200122,35.82577222938956],[-81.91133899891285,35.82556265501267],[-81.91117267894164,35.82534975855373],[-81.91092053365739,35.82511353313913],[-81.9107421497367,35.82492431573495]]},"properties":{"gnis_name":"Linville River","gnis_id":"01012897","lengthkm":0.13302403000000002,"fcode":55800,"fdate":1405468800000}},{"type":"Feature","geometry":{"type":"LineString","coordinates":[[-81.90799689054926,35.92458565687838],[-81.90796000570532,35.92450215380097],[-81.90791123796483,35.92436971993015],[-81.9078605639663,35.92426596179355],[-81.9078222202939,35.9241786135118],[-81.90778873487406,35.92406249221307],[-81.90770763358468,35.92384733494663],[-81.90767531668435,35.92376459534831],[-81.90763034481132,35.92365593403279],[-81.90758722196696,35.92357517018903]]},"properties":{"gnis_name":"Linville River","gnis_id":"01012897","lengthkm":0.11906376,"fcode":55800,"fdate":1405468800000}},{"type":"Feature","geometry":{"type":"LineString","coordinates":[[-81.91357168800393,35.83302846445664],[-81.9135801683548,35.832993075917535],[-81.91369076773832,35.832858822032776],[-81.91377966054516,35.8327626915024],[-81.91385515127601,35.83261517679467],[-81.91392725610974,35.83237372331262],[-81.9139783130247,35.832189186624156],[-81.91399698852626,35.832066535078475],[-81.91403092657832,35.831974724505244]]},"properties":{"gnis_name":"Linville River","gnis_id":"01012897","lengthkm":0.12678015,"fcode":55800,"fdate":1405468800000}},{"type":"Feature","geometry":{"type":"LineString","coordinates":[[-81.92122761767274,35.9494466411091],[-81.92122343680774,35.94942013154312],[-81.92124808393305,35.949209595355654],[-81.92135167740214,35.948939539560556]]},"properties":{"gnis_name":"Linville River","gnis_id":"01012897","lengthkm":0.05829705,"fcode":55800,"fdate":1405468800000}},{"type":"Feature","geometry":{"type":"LineString","coordinates":[[-81.90874051951141,35.928443707084625],[-81.90873283516892,35.928367680866494],[-81.90873656132065,35.92830794406386],[-81.9087327821017,35.928203067941745],[-81.90873296939778,35.92812671035984],[-81.90874126245258,35.92803109392072],[-81.90875764149591,35.927916189906895],[-81.90878403567757,35.9278344412261],[-81.9088042105884,35.927743308645574],[-81.90882457487639,35.9276569373861],[-81.90882414409538,35.92756390457832],[-81.90883829327467,35.92746813495111],[-81.90885261310153,35.92737714097477],[-81.90886099148008,35.92728389803405],[-81.90885954721911,35.92716226151192],[-81.90886868102524,35.927090471432685],[-81.90886601829914,35.92701657397578],[-81.9088775047523,35.926928023830214],[-81.90887595227579,35.926884917812984]]},"properties":{"gnis_name":"Linville River","gnis_id":"01012897","lengthkm":0.17560742000000001,"fcode":55800,"fdate":1405468800000}},{"type":"Feature","geometry":{"type":"LineString","coordinates":[[-81.85283036423716,35.763627271164374],[-81.85229376093046,35.763077770354776]]},"properties":{"gnis_name":"Linville River","gnis_id":"01012897","lengthkm":0.07808802,"fcode":55800,"fdate":1405468800000}},{"type":"Feature","geometry":{"type":"LineString","coordinates":[[-81.91654377940867,35.8303002351215],[-81.91648666554615,35.830227622411854],[-81.91640553095968,35.83013521495946],[-81.91630780922311,35.83004646955425]]},"properties":{"gnis_name":"Linville River","gnis_id":"01012897","lengthkm":0.03548742,"fcode":55800,"fdate":1405468800000}},{"type":"Feature","geometry":{"type":"LineString","coordinates":[[-81.90776883674523,35.82091146129876],[-81.90773211214352,35.82085062589372],[-81.9076698372331,35.82074749988739],[-81.90751804727658,35.82046504085995],[-81.90737847943068,35.820207640296786],[-81.90723825084578,35.81993183298429],[-81.90712914046621,35.81965526957469],[-81.90693922118727,35.81933678598183],[-81.90678234406077,35.81907059424288],[-81.9066168950164,35.818723828662264],[-81.90645096940752,35.81836327394356],[-81.90635627354338,35.81817172436451],[-81.90623942471358,35.81799457457432],[-81.90610752560217,35.81779235910254],[-81.9059871035791,35.81759450953448],[-81.90591344418782,35.817437071085365],[-81.90586569408943,35.8173027065093]]},"properties":{"gnis_name":"Linville River","gnis_id":"01012897","lengthkm":0.43919322000000005,"fcode":55800,"fdate":1405468800000}},{"type":"Feature","geometry":{"type":"LineString","coordinates":[[-81.89828569529728,35.8499946206825],[-81.89852350306559,35.849757082916994],[-81.89880043906885,35.849537424793134],[-81.89885463839606,35.849499978099665]]},"properties":{"gnis_name":"Linville River","gnis_id":"01012897","lengthkm":0.0754008,"fcode":55800,"fdate":1405468800000}},{"type":"Feature","geometry":{"type":"LineString","coordinates":[[-81.89735155811402,35.883358825686344],[-81.89735563180405,35.88334882286276],[-81.8974056180097,35.88327126784747],[-81.89743518165746,35.88319661707954],[-81.89746140102943,35.883110106979444],[-81.8974908783129,35.883033054192026],[-81.89752727826804,35.88290335913374],[-81.89753667532925,35.88283872018194],[-81.89754531904394,35.882752628691435],[-81.8975597283567,35.88266402310148],[-81.89757205868283,35.88259931482334],[-81.8975702044515,35.88246574855532],[-81.8975519732579,35.88236599481665],[-81.89754872367068,35.8822754042205],[-81.89756054205417,35.882196393023406],[-81.89757057175994,35.882119057762964]]},"properties":{"gnis_name":"Linville River","gnis_id":"01012897","lengthkm":0.14188556000000002,"fcode":55800,"fdate":1405468800000}},{"type":"Feature","geometry":{"type":"LineString","coordinates":[[-81.88231323015287,35.79187431656317],[-81.88221799841381,35.79184660972765],[-81.88207400205583,35.79182409195573],[-81.88186976711218,35.79180818290418],[-81.88172660214077,35.791808978821024],[-81.8815422798934,35.791815930221894],[-81.88137356773488,35.7918147401448],[-81.88125238612211,35.79180722746635],[-81.88112473863201,35.7917972915871],[-81.88092658144659,35.79177343517479],[-81.88080129804936,35.79174012396434],[-81.8806246632661,35.791695030115875],[-81.88044466651797,35.791644846752455],[-81.88021915161656,35.79156721132104],[-81.87999343693262,35.791484397691065],[-81.87975892765658,35.79142254800632],[-81.87932733606661,35.79127717712944],[-81.87911499536428,35.79121218241766],[-81.87831733876298,35.79097435559064],[-81.87812108887611,35.79091417501195],[-81.87790575663894,35.790854445103164],[-81.8777190213936,35.79079403991975],[-81.87758982662965,35.790740046845244],[-81.87681080807072,35.79042137638956]]},"properties":{"gnis_name":"Linville River","gnis_id":"01012897","lengthkm":0.5245808700000001,"fcode":55800,"fdate":1405468800000}},{"type":"Feature","geometry":{"type":"LineString","coordinates":[[-81.90887595227579,35.926884917812984],[-81.90888573121292,35.926798799235556],[-81.90889429792811,35.926710333105255],[-81.90888811507597,35.92661982780293],[-81.90882299638653,35.926523557374445],[-81.90873673404927,35.92641834269047],[-81.90870806109848,35.92637621127756],[-81.90867443728763,35.92633880848649],[-81.90866677063421,35.926330245191224]]},"properties":{"gnis_name":"Linville River","gnis_id":"01012897","lengthkm":0.06780699,"fcode":55800,"fdate":1405468800000}},{"type":"Feature","geometry":{"type":"LineString","coordinates":[[-81.89781197665381,35.863198277569126],[-81.89777959003771,35.86313619197706],[-81.89777049056917,35.86304575394795],[-81.8977710316468,35.86297893496312],[-81.89776795270713,35.862893121251325],[-81.8977870132062,35.86277099363195],[-81.89781003293658,35.862677402188346],[-81.8978353043822,35.86256467674461],[-81.89785175522239,35.8624521585863],[-81.89785739387531,35.86236374701302],[-81.89785733456488,35.8622802516476],[-81.89789694352643,35.86207651560444],[-81.89790143655162,35.86195712654576],[-81.89792117964089,35.8618540640874],[-81.89792947893888,35.86180891898472]]},"properties":{"gnis_name":"Linville River","gnis_id":"01012897","lengthkm":0.15726008,"fcode":55800,"fdate":1405468800000}},{"type":"Feature","geometry":{"type":"LineString","coordinates":[[-81.91162457863078,35.836393431591205],[-81.91174378426977,35.836387547811796],[-81.9123008569584,35.836255152959],[-81.91250473603947,35.83621445146602]]},"properties":{"gnis_name":"Linville River","gnis_id":"01012897","lengthkm":0.0815394,"fcode":55800,"fdate":1405468800000}},{"type":"Feature","geometry":{"type":"LineString","coordinates":[[-81.91387187785766,35.83585410779578],[-81.91409682983029,35.835796251484766],[-81.91425035331619,35.83573147119452],[-81.91438640623875,35.83566241315702],[-81.91449415664057,35.83561723542642]]},"properties":{"gnis_name":"Linville River","gnis_id":"01012897","lengthkm":0.06201967,"fcode":55800,"fdate":1405468800000}},{"type":"Feature","geometry":{"type":"LineString","coordinates":[[-81.84795913311032,35.76009180633766],[-81.8463283377035,35.75937015124621]]},"properties":{"gnis_name":"Linville River","gnis_id":"01012897","lengthkm":0.16700262000000002,"fcode":55800,"fdate":1405468800000}},{"type":"Feature","geometry":{"type":"LineString","coordinates":[[-81.89774849888626,35.89370660903016],[-81.89774607964506,35.89368088578472],[-81.89774720966483,35.89347312871431],[-81.89774827309041,35.89335227556211]]},"properties":{"gnis_name":"Linville River","gnis_id":"01012897","lengthkm":0.039684790000000005,"fcode":55800,"fdate":1405468800000}},{"type":"Feature","geometry":{"type":"LineString","coordinates":[[-81.89461256398089,35.802907649156964],[-81.89454468891729,35.80287544982278],[-81.89441381993437,35.8028202117524],[-81.89434610407244,35.802795895343245],[-81.89426867066489,35.802766630238835],[-81.89416252580679,35.80273544016425],[-81.89406273548893,35.80270411336384],[-81.89396941312947,35.80267522460986],[-81.89385691165009,35.8026441847156],[-81.89377039126042,35.8026280896383],[-81.89368015200277,35.802596521436826],[-81.893596640837,35.802575171309954],[-81.89347505237549,35.802557302315236],[-81.89340144605144,35.802546096004484],[-81.89334990945035,35.80253389387544]]},"properties":{"gnis_name":"Linville River","gnis_id":"01012897","lengthkm":0.1212245,"fcode":55800,"fdate":1405468800000}},{"type":"Feature","geometry":{"type":"LineString","coordinates":[[-81.90210049633794,35.914705907170514],[-81.90215026819361,35.9144892791832],[-81.90217951239748,35.91440507357087],[-81.9021995395525,35.914309177611614],[-81.9022148749404,35.914246774766184],[-81.902238762476,35.91417702584021],[-81.90225100851889,35.9141099297525],[-81.90225837237693,35.91406170055944]]},"properties":{"gnis_name":"Linville River","gnis_id":"01012897","lengthkm":0.07358473000000001,"fcode":55800,"fdate":1405468800000}},{"type":"Feature","geometry":{"type":"LineString","coordinates":[[-81.85166560417183,35.762434499509524],[-81.85120286420103,35.761960607347405]]},"properties":{"gnis_name":"Linville River","gnis_id":"01012897","lengthkm":0.06734223,"fcode":55800,"fdate":1405468800000}},{"type":"Feature","geometry":{"type":"LineString","coordinates":[[-81.91403092657832,35.831974724505244],[-81.91403904586394,35.83195270064868],[-81.91409266041114,35.83183863237814],[-81.91416628650533,35.831639457088926],[-81.91424802772302,35.83150589266964],[-81.9143030126533,35.83142936673449],[-81.91439817259554,35.83134718772046],[-81.91448282730802,35.8312934567347],[-81.91459867410373,35.83130478721675],[-81.91473910455218,35.83135782896862],[-81.91490924016102,35.83143366405999],[-81.91507851108622,35.831486029998345],[-81.91516831540073,35.8315175791224],[-81.91527960882031,35.83155863396405],[-81.915360658083,35.83157261332426],[-81.91548014258505,35.831569754350895]]},"properties":{"gnis_name":"Linville River","gnis_id":"01012897","lengthkm":0.18415116,"fcode":55800,"fdate":1405468800000}},{"type":"Feature","geometry":{"type":"LineString","coordinates":[[-81.93141561883213,35.97085340728608],[-81.93091845279889,35.97087005263989],[-81.93045861695806,35.970822647141404],[-81.93012203547343,35.9707188169326],[-81.9298727932786,35.97047431652988],[-81.92974854209098,35.97022110524739]]},"properties":{"gnis_name":"Linville River","gnis_id":"01012897","lengthkm":0.18390976,"fcode":55800,"fdate":1405468800000}},{"type":"Feature","geometry":{"type":"LineString","coordinates":[[-81.89757057175994,35.882119057762964],[-81.89757201706148,35.88210784329663],[-81.89757798244203,35.88202897188152],[-81.89758611213301,35.881928577704045],[-81.89759508049427,35.88185202539317],[-81.89760315711803,35.881800158087465]]},"properties":{"gnis_name":"Linville River","gnis_id":"01012897","lengthkm":0.03583661,"fcode":55800,"fdate":1405468800000}},{"type":"Feature","geometry":{"type":"LineString","coordinates":[[-81.89919477746592,35.90787986258247],[-81.89911006032142,35.9077834075275],[-81.89901035220574,35.907643378213656],[-81.89896249597285,35.90750914540155],[-81.89892251866233,35.90727436743411],[-81.89891400501438,35.90719754296273],[-81.8989352922559,35.90707100079155],[-81.89897824653377,35.90697069567621]]},"properties":{"gnis_name":"Linville River","gnis_id":"01012897","lengthkm":0.10819617000000001,"fcode":55800,"fdate":1405468800000}},{"type":"Feature","geometry":{"type":"LineString","coordinates":[[-81.90041689591924,35.806818723460715],[-81.90034326150078,35.806749089220034],[-81.90013048689582,35.80650267019984],[-81.89998939570837,35.80620148051396],[-81.89986553368038,35.805906809476824],[-81.89973991939341,35.80564215414295],[-81.89962829196246,35.805372572186464],[-81.89956407957801,35.80516183931155],[-81.89953757718085,35.80497558956029],[-81.89950050920295,35.80473190261398],[-81.89945851741888,35.8045875485033],[-81.89938929174234,35.80442075419079]]},"properties":{"gnis_name":"Linville River","gnis_id":"01012897","lengthkm":0.28709243,"fcode":55800,"fdate":1405468800000}},{"type":"Feature","geometry":{"type":"LineString","coordinates":[[-81.89897824653377,35.90697069567621],[-81.89901204619484,35.90689179255946],[-81.89908543088518,35.90677801078911],[-81.89911014980733,35.906667718066785],[-81.89910217619644,35.90652553677991],[-81.89900639609601,35.90625472412612],[-81.89890278389733,35.90608963787164]]},"properties":{"gnis_name":"Linville River","gnis_id":"01012897","lengthkm":0.10434366,"fcode":55800,"fdate":1405468800000}},{"type":"Feature","geometry":{"type":"LineString","coordinates":[[-81.89975680517675,35.90867418989238],[-81.89974250512003,35.90861794588169],[-81.89965848305214,35.90843555963629],[-81.89952271211426,35.90824972343972],[-81.89940614630964,35.90811945697983],[-81.89925661951428,35.907950292978555],[-81.89919477746592,35.90787986258247]]},"properties":{"gnis_name":"Linville River","gnis_id":"01012897","lengthkm":0.10303293000000001,"fcode":55800,"fdate":1405468800000}},{"type":"Feature","geometry":{"type":"LineString","coordinates":[[-81.85728157451044,35.77705750650778],[-81.856549203084,35.776307728320795],[-81.8555271532768,35.77480194581502]]},"properties":{"gnis_name":"Linville River","gnis_id":"01012897","lengthkm":0.29841337,"fcode":55800,"fdate":1405468800000}},{"type":"Feature","geometry":{"type":"LineString","coordinates":[[-81.91658392632623,35.933910390429055],[-81.91655025777241,35.933894848562765],[-81.91648966332416,35.93384142974554],[-81.9164676768439,35.93380140352208],[-81.91643905904142,35.93374004898105],[-81.91642854340633,35.93369259170843],[-81.91641433387606,35.93362373530704],[-81.91640872747968,35.93354992231052],[-81.9163846724181,35.93345268805263],[-81.91636744013702,35.933381527992346],[-81.91635932709458,35.93331968446337],[-81.91635373838727,35.933245870340414],[-81.91635124006548,35.933176734675044],[-81.91632761578495,35.93309139891447],[-81.91628925962615,35.93300406880714],[-81.91623893212541,35.93290983832268],[-81.91617653131038,35.9328063626858],[-81.91611851322395,35.93274332063356],[-81.91606083851369,35.932689831950945],[-81.91600342393687,35.93264349461006],[-81.91591351660952,35.932590776773566],[-81.9158299117957,35.932549831560316],[-81.9157233673726,35.93252374938611],[-81.91563483771208,35.93250916014799],[-81.9155376019048,35.9324971684258],[-81.91540218891058,35.93248369974725],[-81.91531312649671,35.932454822036696],[-81.91522950607487,35.93241387759559],[-81.91516366005229,35.93237727469475],[-81.91511089666177,35.93229741621237],[-81.91507039596273,35.93223159339749],[-81.91505599809582,35.93215797456883],[-81.91505540603205,35.93206017999875],[-81.91504971327137,35.93198396347503],[-81.9150495509481,35.93189808214872],[-81.91504981940584,35.93182412767985],[-81.91504740952944,35.93175738104993],[-81.91504740016462,35.931676261504094],[-81.91505920814276,35.931597251593075],[-81.91507697525826,35.93152048949968],[-81.9151039656658,35.93145543022235],[-81.91514519057642,35.93137810685869],[-81.91520016822295,35.93127659486877],[-81.91527231675909,35.93116273190034],[-81.9153366383996,35.93107531035275],[-81.9154040525067,35.930992594325765],[-81.91545068403121,35.93090320440135],[-81.91550362119087,35.93082560161446],[-81.91553361561962,35.93076284613413],[-81.91556568591345,35.930676195076686],[-81.91560568819679,35.93056550512999],[-81.91564344188649,35.93047393672811],[-81.91566198211865,35.930418627441036],[-81.91569716048704,35.930336668181724],[-81.91570672091208,35.93027680564116],[-81.91573345118616,35.93020459627017],[-81.91579267212973,35.930138765815016],[-81.91587267461536,35.930079596547564],[-81.9159469749755,35.93002533175391],[-81.91603015317042,35.92997324408893],[-81.91613041797173,35.929906433547124],[-81.91622247608255,35.929856524657986],[-81.91629126369435,35.929811936492364],[-81.91640926751676,35.92974946920519],[-81.91656987287604,35.92964782115714],[-81.91666158344856,35.92958837094963],[-81.91673605549677,35.92953886797417],[-81.9168074361189,35.929484685380466],[-81.91684330332075,35.92942178981302],[-81.91686493497896,35.92937117286519],[-81.91690570829789,35.92928193529673],[-81.9169046479939,35.92925258879361]]},"properties":{"gnis_name":"Linville River","gnis_id":"01012897","lengthkm":0.64956597,"fcode":55800,"fdate":1405468800000}},{"type":"Feature","geometry":{"type":"LineString","coordinates":[[-81.92690995013874,35.95269878042485],[-81.92688818008952,35.95263155361501],[-81.92689360231142,35.95245727678109],[-81.92689850322584,35.95226868351384],[-81.92688172877965,35.952002298905214],[-81.9270592084764,35.951806860671915],[-81.9271968981587,35.95172006337715],[-81.9273509190198,35.9515564374349],[-81.92759120325869,35.951386060735864],[-81.92794797422161,35.951110298848384],[-81.92808877093799,35.951028193420136],[-81.92821669521012,35.95091539160535],[-81.92830005653902,35.95078693905436],[-81.92832557146957,35.95068136160891],[-81.9282832175797,35.950565487296124],[-81.92820328480985,35.95046481533148],[-81.92812713542108,35.950387914886576],[-81.92810718630608,35.95037516692952]]},"properties":{"gnis_name":"Linville River","gnis_id":"01012897","lengthkm":0.31803662,"fcode":55800,"fdate":1405468800000}},{"type":"Feature","geometry":{"type":"LineString","coordinates":[[-81.90991932054052,35.8239827845934],[-81.90989834545915,35.823947441797735],[-81.9097509278259,35.823708698864706],[-81.90955139817632,35.82351735032662],[-81.9094152266329,35.823276047182084],[-81.90921888830064,35.822936950604245],[-81.9090357803563,35.82267825876102]]},"properties":{"gnis_name":"Linville River","gnis_id":"01012897","lengthkm":0.16685904000000001,"fcode":55800,"fdate":1405468800000}},{"type":"Feature","geometry":{"type":"LineString","coordinates":[[-81.91630780922311,35.83004646955425],[-81.9163028479577,35.830041963779394],[-81.91623139137658,35.82994256839708],[-81.91615964448653,35.82983510701795],[-81.9160804504957,35.82970487609331],[-81.91601781764163,35.82957429231971],[-81.9159791899035,35.82946736867534],[-81.91590792790221,35.829281707420556],[-81.91585388985776,35.8291145009826],[-81.91579693727799,35.82891233577265],[-81.91573583921135,35.82868732274151],[-81.91564505367343,35.82832688667566],[-81.91555605056998,35.82806211624914],[-81.91548118207837,35.827821258023725],[-81.91543230404127,35.82768255697164]]},"properties":{"gnis_name":"Linville River","gnis_id":"01012897","lengthkm":0.27734338999999997,"fcode":55800,"fdate":1405468800000}},{"type":"Feature","geometry":{"type":"LineString","coordinates":[[-81.90677536311917,35.84200401260821],[-81.90684062852388,35.841938197359426],[-81.90731706608227,35.841488145848565],[-81.90746759387123,35.84134308254847]]},"properties":{"gnis_name":"Linville River","gnis_id":"01012897","lengthkm":0.09653016,"fcode":55800,"fdate":1405468800000}},{"type":"Feature","geometry":{"type":"LineString","coordinates":[[-81.87298168720321,35.78854592869124],[-81.87153632429332,35.78770985821831]]},"properties":{"gnis_name":"Linville River","gnis_id":"01012897","lengthkm":0.15978174,"fcode":55800,"fdate":1405468800000}},{"type":"Feature","geometry":{"type":"LineString","coordinates":[[-81.90741852645698,35.812032703863984],[-81.90734070388976,35.81191191215395],[-81.90713669786358,35.811752974791695],[-81.90693493939048,35.81157782318191],[-81.90673072109537,35.81141197596857],[-81.90650535290924,35.81120970154053],[-81.90624867193792,35.81100356357808],[-81.90596636469894,35.810793413538185],[-81.9057274289919,35.8106076216899],[-81.90545438666632,35.81041802036443],[-81.90521919167847,35.81031961722301]]},"properties":{"gnis_name":"Linville River","gnis_id":"01012897","lengthkm":0.27690337000000004,"fcode":55800,"fdate":1405468800000}},{"type":"Feature","geometry":{"type":"LineString","coordinates":[[-81.89879859212127,35.87303069336797],[-81.8988307643874,35.87299062204344],[-81.8988949538801,35.87290081751525],[-81.8989103881187,35.872880524235924]]},"properties":{"gnis_name":"Linville River","gnis_id":"01012897","lengthkm":0.01957089,"fcode":55800,"fdate":1405468800000}},{"type":"Feature","geometry":{"type":"LineString","coordinates":[[-81.93034387729035,35.964730011663356],[-81.93028140884064,35.964545441354],[-81.93025792399163,35.96430266348324],[-81.93026934593172,35.96405187897854],[-81.93030116129472,35.96379585016602],[-81.9303698375694,35.96358664590932],[-81.93052855748135,35.96327031567056],[-81.93077959251599,35.962748978606335],[-81.93087149246567,35.96253205946556],[-81.93092801738602,35.96231120828485]]},"properties":{"gnis_name":"Linville River","gnis_id":"01012897","lengthkm":0.28139025,"fcode":55800,"fdate":1405468800000}},{"type":"Feature","geometry":{"type":"LineString","coordinates":[[-81.93616115242928,35.971635776383785],[-81.93604877165183,35.971465006783774],[-81.93583019919225,35.971286741982624],[-81.93503125753168,35.97113911891583],[-81.93483713345545,35.97111825124042]]},"properties":{"gnis_name":"Linville River","gnis_id":"01012897","lengthkm":0.1403288,"fcode":55800,"fdate":1405468800000}},{"type":"Feature","geometry":{"type":"LineString","coordinates":[[-81.8555271532768,35.77480194581502],[-81.85522308015072,35.77435393573679]]},"properties":{"gnis_name":"Linville River","gnis_id":"01012897","lengthkm":0.057083,"fcode":55800,"fdate":1405468800000}},{"type":"Feature","geometry":{"type":"LineString","coordinates":[[-81.90081650149867,35.848274824102155],[-81.90085473175287,35.84822259744639],[-81.90096726132666,35.84805816447806]]},"properties":{"gnis_name":"Linville River","gnis_id":"01012897","lengthkm":0.027762840000000004,"fcode":55800,"fdate":1405468800000}},{"type":"Feature","geometry":{"type":"LineString","coordinates":[[-81.89933765733107,35.868092965226204],[-81.89933483436273,35.86808783594679],[-81.89930857128836,35.86800973139103],[-81.89928474618478,35.867917252434914],[-81.89924995385442,35.86784650731817],[-81.89920587996211,35.86776166773535],[-81.8991565617792,35.867612539269984],[-81.89912933829206,35.86754736757356]]},"properties":{"gnis_name":"Linville River","gnis_id":"01012897","lengthkm":0.06401805,"fcode":55800,"fdate":1405468800000}},{"type":"Feature","geometry":{"type":"LineString","coordinates":[[-81.92976280364795,35.957230406987065],[-81.92960964851102,35.956955957541425],[-81.92937652210446,35.956515436249425],[-81.92930131335828,35.956383632127455],[-81.92910440169187,35.9560153010804]]},"properties":{"gnis_name":"Linville River","gnis_id":"01012897","lengthkm":0.14825726,"fcode":55800,"fdate":1405468800000}},{"type":"Feature","geometry":{"type":"LineString","coordinates":[[-81.93479160801843,35.96581444742043],[-81.93472447485544,35.965757988874934],[-81.93462054633447,35.96564358437973],[-81.93451470531225,35.965557866801646],[-81.93434885774342,35.96543540152761],[-81.93423102144699,35.96534281659326],[-81.93408562869259,35.96529860132194],[-81.93385502037796,35.96525165399295],[-81.9335898351235,35.96522224083912],[-81.93319020144965,35.965207982719384],[-81.93282197420902,35.96525022481288],[-81.93258173055095,35.96526077817419],[-81.93242977723062,35.96527872755963],[-81.93216225909924,35.965266072119],[-81.93173366528728,35.965262051550695],[-81.93139491220849,35.96522725939347],[-81.93105953149994,35.965204293125176],[-81.93099746261522,35.965202304736216]]},"properties":{"gnis_name":"Linville River","gnis_id":"01012897","lengthkm":0.36476875000000003,"fcode":55800,"fdate":1405468800000}},{"type":"Feature","geometry":{"type":"LineString","coordinates":[[-81.89647193033707,35.89095202310556],[-81.89643338272005,35.890911211444354],[-81.89636040904058,35.89079625435504],[-81.89632429315117,35.89066873929963],[-81.89633713333887,35.890547064179586],[-81.89637862254509,35.890424706060664],[-81.89643643876796,35.89019692219914],[-81.89648953096716,35.88991791888884],[-81.89652263034894,35.88972106860307],[-81.89654054730131,35.88963104869202]]},"properties":{"gnis_name":"Linville River","gnis_id":"01012897","lengthkm":0.15273706,"fcode":55800,"fdate":1405468800000}},{"type":"Feature","geometry":{"type":"LineString","coordinates":[[-81.92426236898544,35.945498377457746],[-81.92439143368264,35.94535059667148],[-81.92453417515681,35.94516109181692],[-81.92475960681551,35.94498630907169],[-81.92494892778748,35.94478613942083],[-81.92503652200809,35.94461226900828],[-81.92509840671832,35.944458095260664],[-81.92524078088401,35.94377237953491],[-81.92526895645962,35.943497343347985],[-81.92535193175047,35.9430349081853],[-81.92546405135393,35.94248590212538],[-81.92555015448953,35.94219039640317],[-81.92569928067937,35.9419339311137],[-81.92591903414487,35.94176404923256],[-81.92621084562005,35.94164014778606],[-81.92624888753761,35.941636858931055],[-81.92635895624888,35.94167953990126],[-81.92658493522839,35.941843515688085],[-81.9269936173846,35.94219157158776],[-81.92745999089959,35.942593107972016],[-81.927755482743,35.94289377621546],[-81.92807104856546,35.943100919129655],[-81.92813089695093,35.94313287872152],[-81.92834141463798,35.94319463201601],[-81.9285629890377,35.943237024881356],[-81.9287059531861,35.94321451302005],[-81.92883602616062,35.94316129172957],[-81.9289765492166,35.94307203350403],[-81.92899863766918,35.94305594418325]]},"properties":{"gnis_name":"Linville River","gnis_id":"01012897","lengthkm":0.81351276,"fcode":55800,"fdate":1405468800000}},{"type":"Feature","geometry":{"type":"LineString","coordinates":[[-81.90225837237693,35.91406170055944],[-81.9022605075524,35.91404767928336],[-81.90226155745107,35.91399516394448],[-81.9022537139069,35.9139404836044],[-81.90221823170259,35.913850675793654],[-81.90217537627542,35.91375646209267],[-81.9021260050253,35.913690974419715],[-81.9020813047316,35.91364286800985],[-81.90205020733694,35.913605531671585]]},"properties":{"gnis_name":"Linville River","gnis_id":"01012897","lengthkm":0.055685000000000005,"fcode":55800,"fdate":1405468800000}},{"type":"Feature","geometry":{"type":"LineString","coordinates":[[-81.93031346040485,35.96954123776592],[-81.9306310823222,35.969576041496374],[-81.93115186327117,35.96971717211666],[-81.9316842492942,35.96966931875319],[-81.93200787301078,35.969529612939226],[-81.93309111141104,35.96913404527492]]},"properties":{"gnis_name":"Linville River","gnis_id":"01012897","lengthkm":0.26504205000000003,"fcode":55800,"fdate":1405468800000}},{"type":"Feature","geometry":{"type":"LineString","coordinates":[[-81.89727447016372,35.88486385981352],[-81.89727209774654,35.88486096735386],[-81.89721989624432,35.88479540265838],[-81.89716788203819,35.884734612877594],[-81.89710759454744,35.88468832078919],[-81.8970587550101,35.884634613300044],[-81.89701501616969,35.88455931383321],[-81.89699176960293,35.88448351352848],[-81.89698644206962,35.884416848351165],[-81.89697836544586,35.88435500194778],[-81.89698803512694,35.88429751487123],[-81.89699462482783,35.884247786282224]]},"properties":{"gnis_name":"Linville River","gnis_id":"01012897","lengthkm":0.07682040000000001,"fcode":55800,"fdate":1405468800000}},{"type":"Feature","geometry":{"type":"LineString","coordinates":[[-81.91266903217235,35.93368906998806],[-81.91263014846287,35.9337045849343],[-81.91255152884673,35.93372077557572],[-81.91247427545152,35.93372261900182]]},"properties":{"gnis_name":"Linville River","gnis_id":"01012897","lengthkm":0.018057580000000004,"fcode":55800,"fdate":1405468800000}},{"type":"Feature","geometry":{"type":"LineString","coordinates":[[-81.90586569408943,35.8173027065093],[-81.9058630344849,35.81729522492885],[-81.90588460267055,35.817186275757486],[-81.90597718729151,35.817082547610376],[-81.90615492295957,35.81698371650456],[-81.90629453450791,35.81692732217101],[-81.90639476080946,35.816878780672226],[-81.90653795491582,35.81676462492278],[-81.90664062126926,35.81662605642678],[-81.90669650626131,35.816447061249534],[-81.90674597220003,35.81624744991912],[-81.90676815430064,35.81599775617127],[-81.90680757388505,35.8156761359463],[-81.9067740884652,35.81529623139895],[-81.90674783579615,35.815036857352105]]},"properties":{"gnis_name":"Linville River","gnis_id":"01012897","lengthkm":0.28695027,"fcode":55800,"fdate":1405468800000}},{"type":"Feature","geometry":{"type":"LineString","coordinates":[[-81.88500818473132,35.79226186435361],[-81.88500105499338,35.7922526003725],[-81.88494086635332,35.792171056022624],[-81.88483822913484,35.79205941286541],[-81.88475380750195,35.79201215427606],[-81.88465283305658,35.79194713737668],[-81.8845621474099,35.791902604078544],[-81.8842048801123,35.791814295342924]]},"properties":{"gnis_name":"Linville River","gnis_id":"01012897","lengthkm":0.09121061,"fcode":55800,"fdate":1496102400000}},{"type":"Feature","geometry":{"type":"LineString","coordinates":[[-81.89799866299407,35.85318933833726],[-81.89796049309084,35.85316097144935],[-81.89778476253149,35.85298341145234],[-81.89756788302049,35.85273160508143],[-81.89729805698502,35.85250613586726],[-81.89711510095863,35.852341285872924],[-81.89704116790695,35.852211419969954],[-81.89694145666967,35.85200698671286],[-81.89688812202607,35.85180770687691],[-81.89688903249319,35.85169431319231]]},"properties":{"gnis_name":"Linville River","gnis_id":"01012897","lengthkm":0.19992457000000002,"fcode":55800,"fdate":1405468800000}},{"type":"Feature","geometry":{"type":"LineString","coordinates":[[-81.89933011554173,35.870041208992824],[-81.89929957067055,35.86996386439514],[-81.89927238256156,35.869859555985826],[-81.89925732499623,35.86976685574117],[-81.89924865110603,35.86968834641867],[-81.89925739575251,35.869604641224456],[-81.89926582823885,35.86951377295576],[-81.89929746358949,35.86941520952796],[-81.89931833773907,35.86934312674366],[-81.89934127422674,35.8692471601693],[-81.8993676382329,35.86916541327187],[-81.89938549275325,35.86909103927297],[-81.89939989894441,35.86900241924501],[-81.89942388533075,35.86885395081631],[-81.899435527864,35.868770162949474],[-81.89944450975219,35.868693595393054],[-81.89944443275269,35.86861010079369],[-81.89945332827658,35.86853116028765],[-81.89944448269831,35.868447873790416],[-81.89942666355613,35.86836001952334],[-81.89940894534571,35.868274553982694],[-81.89937245902625,35.868156138055056],[-81.89933765733107,35.868092965226204]]},"properties":{"gnis_name":"Linville River","gnis_id":"01012897","lengthkm":0.22191487000000001,"fcode":55800,"fdate":1405468800000}},{"type":"Feature","geometry":{"type":"LineString","coordinates":[[-81.90196755669267,35.91354188102847],[-81.90178708650163,35.91340911446575],[-81.90160847470405,35.913172395487635],[-81.90142084043745,35.91284762901691],[-81.90129203379263,35.912690873524774],[-81.90113736780054,35.91254900307704]]},"properties":{"gnis_name":"Linville River","gnis_id":"01012897","lengthkm":0.13500565,"fcode":55800,"fdate":1405468800000}},{"type":"Feature","geometry":{"type":"LineString","coordinates":[[-81.90240003689856,35.916736923497545],[-81.90234029776914,35.91667484616329],[-81.90224420238697,35.91661273254426],[-81.90215114432311,35.91655289416498],[-81.90205204387921,35.916488460496794],[-81.90199456374876,35.91643972713342],[-81.90192777708356,35.91637690208983],[-81.9018638414811,35.91631161799198],[-81.90182602223778,35.91623855485116],[-81.90180035747035,35.9161771420188],[-81.90180951312772,35.91610535376522],[-81.90181211342181,35.91601463829055],[-81.90181946999614,35.915892791455484],[-81.90186879338171,35.91571506698873],[-81.90188622752636,35.91562876602059],[-81.90191581614695,35.91555411458326],[-81.90196428213262,35.91535256082829],[-81.902009572409,35.91514392691599],[-81.90205054967258,35.91497833756666],[-81.90207874813993,35.91486552812287],[-81.9020995515332,35.91470996654841],[-81.90210049633794,35.914705907170514]]},"properties":{"gnis_name":"Linville River","gnis_id":"01012897","lengthkm":0.25134257000000004,"fcode":55800,"fdate":1405468800000}},{"type":"Feature","geometry":{"type":"LineString","coordinates":[[-81.89751404788014,35.88520756858472],[-81.89751305937295,35.88520355490338],[-81.89747508717114,35.88512572856125],[-81.89743762795253,35.8850622033862],[-81.89738225074102,35.88498955651587],[-81.8973242149655,35.88492414367338],[-81.89727447016372,35.88486385981352]]},"properties":{"gnis_name":"Linville River","gnis_id":"01012897","lengthkm":0.04426337,"fcode":55800,"fdate":1405468800000}},{"type":"Feature","geometry":{"type":"LineString","coordinates":[[-81.88992947698223,35.79515415964233],[-81.88990644372493,35.79514388489724],[-81.88982883238607,35.79510942389557],[-81.88974823159347,35.7950802293868],[-81.88967405817849,35.79505345965612],[-81.88961937292197,35.795036618639884],[-81.8895325081156,35.795010150199765],[-81.88943917743187,35.79498125864792],[-81.88936511535398,35.79495707656624],[-81.88929434136308,35.794935422236705],[-81.88921100604752,35.79491926145408],[-81.88912488106072,35.79491351723529],[-81.8890259377374,35.79490550098566],[-81.8889399053581,35.79490235879786],[-81.88886359156498,35.794904168319945],[-81.8887813841881,35.7949190723996],[-81.88869590849444,35.79493147910057],[-81.88861022885611,35.79493869186614],[-81.88853411796708,35.79494567844093],[-81.8884575263514,35.794939722381756],[-81.88841235781747,35.7949226416473],[-81.88835037633761,35.79488003516644],[-81.88826567063897,35.79482499915918],[-81.88820040107213,35.79477988089747],[-81.88812242138431,35.794735063916434],[-81.88803605187205,35.79463340039926],[-81.88798687312068,35.79459308099462],[-81.88794351095352,35.794537050559704],[-81.88790358775074,35.79448875448243],[-81.88786722941693,35.79445072223985],[-81.88784638856444,35.79440195937877],[-81.88783136533672,35.79433749894242],[-81.88786374466908,35.794264125811274],[-81.88788742513844,35.79421430699066],[-81.88791400557564,35.79415664652188],[-81.8879245108054,35.79409415578746],[-81.88792873849445,35.794034435020926],[-81.88791014935721,35.79395967913213],[-81.88788249196745,35.79389810905137],[-81.8878389456258,35.793836913661],[-81.88775695780159,35.79376885814674],[-81.88769440402811,35.79371070614317],[-81.88761681349993,35.79367624198792],[-81.88749795539924,35.7936453623149],[-81.8873885536702,35.793611653517736],[-81.88726698081673,35.79359379347896],[-81.88715523580545,35.79358348645984],[-81.88703721013184,35.793575905583964],[-81.88695735019935,35.793567434279225],[-81.8868486893304,35.79355444921988],[-81.88674302207735,35.79353621189673],[-81.88662456978487,35.793515685619035],[-81.88651215883193,35.79348724253634],[-81.88639947317806,35.79345103456172],[-81.88629614920724,35.79340939283848],[-81.88618591713218,35.79335236901315],[-81.8860980378053,35.79329740622073],[-81.88602006123908,35.793252587559564],[-81.88594516985572,35.7932051043287],[-81.88584457936732,35.79315044274673],[-81.88577678338429,35.79312353479185],[-81.88565092353133,35.793074652954516],[-81.88556640720985,35.79302480722371],[-81.88545926135819,35.792965119414],[-81.88538446258235,35.79292022460406],[-81.88530968149558,35.79287532892479],[-81.88526649101651,35.79282448966263],[-81.88521688668679,35.79268307388244],[-81.88519224164254,35.792616248801906],[-81.88516711587165,35.79253646629212],[-81.8851257151108,35.792446704859216],[-81.88506776361854,35.792339170782306],[-81.88500818473132,35.79226186435361]]},"properties":{"gnis_name":"Linville River","gnis_id":"01012897","lengthkm":0.61836992,"fcode":55800,"fdate":1496102400000}},{"type":"Feature","geometry":{"type":"LineString","coordinates":[[-81.89699462482783,35.884247786282224],[-81.89699724281098,35.884228113017606],[-81.89701184358198,35.88414427059423],[-81.89702091599662,35.884070092754584],[-81.89705022263253,35.883988276003976],[-81.89706540402139,35.88392112481477],[-81.89711153296805,35.88381743756102],[-81.8971768732912,35.883677507480506],[-81.89724383684715,35.88358287089895],[-81.89728787015864,35.88350309635853],[-81.89732328680931,35.883428306705525],[-81.89735155811402,35.883358825686344]]},"properties":{"gnis_name":"Linville River","gnis_id":"01012897","lengthkm":0.10532623,"fcode":55800,"fdate":1405468800000}},{"type":"Feature","geometry":{"type":"LineString","coordinates":[[-81.89315251601677,35.80227544527038],[-81.89317362428648,35.80222741973054],[-81.89319412488439,35.802177675104254],[-81.89321434765976,35.802120150377924],[-81.89322249087769,35.8020810778628],[-81.89323290141886,35.80201599831349],[-81.89324067316619,35.801966556521556],[-81.89324853856156,35.80191970384231],[-81.8932624983637,35.80186491829204],[-81.89327701485146,35.80182569458967],[-81.89331537725344,35.80174181396457],[-81.89336628329103,35.80165245535466],[-81.89342504431863,35.801604378802786],[-81.89348342034872,35.80154596163473],[-81.89353263135663,35.801498140727254],[-81.89358791908225,35.801442359899816],[-81.8936959681173,35.801349051384044],[-81.89374863369761,35.80130890670429],[-81.893801486574,35.80127394033328],[-81.8938508838375,35.801231295905964],[-81.89388448371606,35.80119160435532],[-81.89392124369593,35.801151837675356],[-81.89397017688133,35.801096222858526],[-81.8940652338107,35.80099543503963],[-81.89409563925037,35.800955833671594],[-81.89411959546119,35.800913779824256],[-81.89418012539635,35.800826781600676],[-81.89421933895503,35.80076621521201],[-81.89426472287946,35.80070031934726],[-81.8943010177407,35.80064760818602],[-81.89434640062458,35.800581713066826],[-81.89439243280161,35.800533952342064],[-81.89443500936571,35.800478487312965],[-81.89445604791963,35.800444275054026],[-81.8944795410929,35.80038927834636],[-81.89450303322563,35.80033426640978],[-81.89451989091457,35.800271638752754],[-81.89453310777553,35.800196143535764],[-81.89456202733284,35.800115078255516],[-81.8945822490677,35.80005756807043],[-81.89460527712234,35.79998959721468],[-81.89461613405253,35.799937490686894],[-81.8946263572976,35.799867247839884],[-81.89463654724561,35.79979699227163],[-81.89463143926493,35.79974267364527],[-81.89462081229271,35.79969712016994]]},"properties":{"gnis_name":"Linville River","gnis_id":"01012897","lengthkm":0.32645637,"fcode":55800,"fdate":1405468800000}},{"type":"Feature","geometry":{"type":"LineString","coordinates":[[-81.9101440748117,35.83767666375241],[-81.91018444232245,35.83732726494179],[-81.91024803454872,35.83695598215322],[-81.91038558375895,35.83671450139052]]},"properties":{"gnis_name":"Linville River","gnis_id":"01012897","lengthkm":0.11095959,"fcode":55800,"fdate":1405468800000}},{"type":"Feature","geometry":{"type":"LineString","coordinates":[[-81.85481718142258,35.77063600288528],[-81.85498580617626,35.76768720338602],[-81.85445755107263,35.76609639716096],[-81.85374372820262,35.76479745138122]]},"properties":{"gnis_name":"Linville River","gnis_id":"01012897","lengthkm":0.6736780000000001,"fcode":55800,"fdate":1405468800000}},{"type":"Feature","geometry":{"type":"LineString","coordinates":[[-81.89986137154499,35.871669878394705],[-81.89988063078603,35.87153420598701],[-81.89988693538062,35.87146487305244],[-81.89990400117631,35.87136903215204],[-81.89990764512585,35.87130693525428],[-81.89991050139128,35.87122334138353],[-81.89991412765175,35.87116123172385],[-81.8998872818784,35.8710664343177],[-81.89982529103374,35.87097248841472],[-81.89975492389155,35.870890650546805],[-81.89972521144745,35.8708590648071]]},"properties":{"gnis_name":"Linville River","gnis_id":"01012897","lengthkm":0.09551816,"fcode":55800,"fdate":1405468800000}},{"type":"Feature","geometry":{"type":"LineString","coordinates":[[-81.90205020733694,35.913605531671585],[-81.90203485113837,35.91358710198874],[-81.90196755669267,35.91354188102847]]},"properties":{"gnis_name":"Linville River","gnis_id":"01012897","lengthkm":0.01034454,"fcode":55800,"fdate":1405468800000}},{"type":"Feature","geometry":{"type":"LineString","coordinates":[[-81.93027418961678,35.958129730421085],[-81.93019062746485,35.958006043303186],[-81.93001338709088,35.9577311568927],[-81.92977912962405,35.95725964539946],[-81.92976977002208,35.95724286325622],[-81.92976280364795,35.957230406987065]]},"properties":{"gnis_name":"Linville River","gnis_id":"01012897","lengthkm":0.11074085,"fcode":55800,"fdate":1405468800000}},{"type":"Feature","geometry":{"type":"LineString","coordinates":[[-81.9079311100803,35.84090591809919],[-81.90797501124399,35.84086546360878]]},"properties":{"gnis_name":"Linville River","gnis_id":"01012897","lengthkm":0.00599723,"fcode":55800,"fdate":1405468800000}},{"type":"Feature","geometry":{"type":"LineString","coordinates":[[-81.8981687861165,35.86372972740378],[-81.89813603115141,35.86367645347721],[-81.89807481654499,35.86360393119232],[-81.8980102430953,35.86351959386928],[-81.89797528219844,35.86344408544006],[-81.89792000487817,35.863373826267505],[-81.89787076889743,35.863308189818646],[-81.89782995707873,35.8632328203271],[-81.89781197665381,35.863198277569126]]},"properties":{"gnis_name":"Linville River","gnis_id":"01012897","lengthkm":0.06777661000000001,"fcode":55800,"fdate":1405468800000}},{"type":"Feature","geometry":{"type":"LineString","coordinates":[[-81.93107157255766,35.96149663545667],[-81.93110169705315,35.961114195728506],[-81.93119123082886,35.960751800869616],[-81.93120904580891,35.96051518825696],[-81.93121350449647,35.960314697474466],[-81.93121148482027,35.96028138041478]]},"properties":{"gnis_name":"Linville River","gnis_id":"01012897","lengthkm":0.13700576,"fcode":55800,"fdate":1405468800000}},{"type":"Feature","geometry":{"type":"LineString","coordinates":[[-81.89908991142394,35.860143242783415],[-81.89911627334904,35.860119827712865],[-81.89923566836518,35.86001678563464],[-81.89932078091256,35.85993842182061],[-81.89937996335637,35.859872598686884],[-81.89943604292824,35.85980209685022],[-81.89954193805822,35.8596492614172],[-81.89960060855938,35.859569134730144],[-81.89965627607985,35.8594866905546],[-81.89970003677146,35.8593997615821],[-81.89975819220837,35.859305334655254],[-81.89980841981786,35.859234957123896],[-81.89985813340365,35.85915026349159],[-81.89989889215511,35.85906103022322],[-81.89993714217945,35.85898376598692],[-81.89996695243374,35.85891626555412],[-81.89997862618301,35.85888730196285]]},"properties":{"gnis_name":"Linville River","gnis_id":"01012897","lengthkm":0.16294104,"fcode":55800,"fdate":1405468800000}},{"type":"Feature","geometry":{"type":"LineString","coordinates":[[-81.89877238731678,35.89577764762627],[-81.89867602347688,35.8956940669364],[-81.89850475368615,35.895558099351135],[-81.89834101007676,35.895391621031514],[-81.89824016673865,35.89521895190869],[-81.89814319418645,35.89499484520988],[-81.89808476092699,35.89472549183327],[-81.89806005969392,35.89459848043685]]},"properties":{"gnis_name":"Linville River","gnis_id":"01012897","lengthkm":0.15092301,"fcode":55800,"fdate":1405468800000}},{"type":"Feature","geometry":{"type":"LineString","coordinates":[[-81.89843386939866,35.87627499785336],[-81.89847212462567,35.876229457107115],[-81.89851383234401,35.87616642645874],[-81.89855235082608,35.87609632864299],[-81.89859397426116,35.876030924475224],[-81.89863889306696,35.87597498862089],[-81.89868660570615,35.87591659668325],[-81.89872246250263,35.875853704902845],[-81.89876055228476,35.87577170850883],[-81.89879021374271,35.87569941566489],[-81.89881383594218,35.875622500687626],[-81.89882565120406,35.87554349044247],[-81.89882495716797,35.87552413962333]]},"properties":{"gnis_name":"Linville River","gnis_id":"01012897","lengthkm":0.0921621,"fcode":55800,"fdate":1405468800000}},{"type":"Feature","geometry":{"type":"LineString","coordinates":[[-81.90746759387123,35.84134308254847],[-81.9077038959871,35.84111542411833],[-81.9079311100803,35.84090591809919]]},"properties":{"gnis_name":"Linville River","gnis_id":"01012897","lengthkm":0.06417538,"fcode":55800,"fdate":1405468800000}},{"type":"Feature","geometry":{"type":"LineString","coordinates":[[-81.89997862618301,35.85888730196285],[-81.90002615880984,35.858769320652506],[-81.90010826005222,35.85866544783943],[-81.90025101609386,35.858353114292385],[-81.90035654287485,35.858113697347605]]},"properties":{"gnis_name":"Linville River","gnis_id":"01012897","lengthkm":0.09329276,"fcode":55800,"fdate":1405468800000}},{"type":"Feature","geometry":{"type":"LineString","coordinates":[[-81.89844424456167,35.877657603255976],[-81.89839684304211,35.87756249323917],[-81.89836808788917,35.87749637110453],[-81.89833993104317,35.87744693839463],[-81.8982879220397,35.87738615140487],[-81.89824986659521,35.87730593473149],[-81.8982232591041,35.87721829010522],[-81.89820588322934,35.877142363895054],[-81.89818825138323,35.87705928711197],[-81.89817413446048,35.87699281719152],[-81.89817622385246,35.87688779969606],[-81.89819839242615,35.87677036623228],[-81.8982154790325,35.87667452500484],[-81.89825048051017,35.87658780543118],[-81.89831992677989,35.87648118630228],[-81.89835509994563,35.87639923102783],[-81.89840465537026,35.87630978953591],[-81.89843386939866,35.87627499785336]]},"properties":{"gnis_name":"Linville River","gnis_id":"01012897","lengthkm":0.16386639,"fcode":55800,"fdate":1405468800000}},{"type":"Feature","geometry":{"type":"LineString","coordinates":[[-81.90488255192395,35.810155937716466],[-81.90459752785108,35.80998394020835],[-81.90423000088974,35.80976658533367],[-81.90383500071313,35.8095729720838],[-81.90334810891112,35.809344615785776],[-81.90294122583795,35.80913513727344],[-81.90263628386612,35.80892554766486],[-81.90237846455076,35.80876555120549],[-81.90207369010488,35.80856055031317],[-81.90191226064277,35.80840289649014],[-81.90170238496513,35.80815871627927],[-81.90151165511033,35.80789562873795],[-81.90127119710228,35.80758757448077],[-81.90111061151312,35.80737452855276],[-81.90085906141422,35.80721664200081],[-81.90082373528999,35.807194478788105],[-81.90058366332,35.80697639646191],[-81.90058171648117,35.80697455346018]]},"properties":{"gnis_name":"Linville River","gnis_id":"01012897","lengthkm":0.53322383,"fcode":55800,"fdate":1405468800000}},{"type":"Feature","geometry":{"type":"LineString","coordinates":[[-81.90096726132666,35.84805816447806],[-81.9010814609573,35.8478913138976],[-81.9013251508635,35.84760348688081],[-81.90156384412613,35.84739100127244],[-81.9017504909261,35.84722987032391],[-81.90205294914364,35.84707852125353],[-81.90228793602472,35.8470165267799],[-81.90271442067456,35.84684969678076],[-81.90311506574729,35.84664587722254]]},"properties":{"gnis_name":"Linville River","gnis_id":"01012897","lengthkm":0.25589031,"fcode":55800,"fdate":1405468800000}},{"type":"Feature","geometry":{"type":"LineString","coordinates":[[-81.89889246596367,35.89592302012696],[-81.89881220854724,35.895812201467315],[-81.89877238731678,35.89577764762627]]},"properties":{"gnis_name":"Linville River","gnis_id":"01012897","lengthkm":0.01959574,"fcode":55800,"fdate":1405468800000}},{"type":"Feature","geometry":{"type":"LineString","coordinates":[[-81.90051232744081,35.848626373493744],[-81.90064926793873,35.848503229498384],[-81.90081650149867,35.848274824102155]]},"properties":{"gnis_name":"Linville River","gnis_id":"01012897","lengthkm":0.0480837,"fcode":55800,"fdate":1405468800000}},{"type":"Feature","geometry":{"type":"LineString","coordinates":[[-81.89929405896274,35.89967062839454],[-81.89941772953249,35.89957428555134],[-81.89969531586938,35.89931562539968],[-81.8999015507191,35.89906796574735],[-81.90001202523852,35.89894863411837],[-81.90001647560182,35.89894321772667]]},"properties":{"gnis_name":"Linville River","gnis_id":"01012897","lengthkm":0.10425672,"fcode":55800,"fdate":1405468800000}},{"type":"Feature","geometry":{"type":"LineString","coordinates":[[-81.89654054730131,35.88963104869202],[-81.89658096787927,35.88942792586028],[-81.896672700303,35.88902663290111],[-81.89670521802636,35.88873410381727],[-81.89670469151623,35.88855906483945],[-81.89671410106385,35.888341764216136],[-81.89677275387594,35.888057975385756],[-81.89688478399349,35.88774253065966],[-81.89688538021937,35.88774098458617]]},"properties":{"gnis_name":"Linville River","gnis_id":"01012897","lengthkm":0.21464297000000002,"fcode":55800,"fdate":1405468800000}},{"type":"Feature","geometry":{"type":"LineString","coordinates":[[-81.89864395318307,35.86665971207855],[-81.89862855432261,35.8666206974735],[-81.89858180417725,35.86654308054623],[-81.89855245383893,35.8664602666995],[-81.89853317170615,35.866413014450934],[-81.898507269697,35.86634444775127],[-81.89847290606659,35.86628561697986],[-81.89844976667483,35.86621220325294],[-81.89843246155635,35.86613866550237],[-81.89840553149976,35.86604147994245],[-81.89838987770851,35.86593211790194],[-81.89838956242676,35.86584145707508],[-81.89839794704854,35.86574821245606],[-81.89842071184812,35.865647469625124],[-81.8984504388597,35.86557758174589],[-81.89849904531746,35.865461909918466],[-81.89852542805322,35.86538016164599],[-81.89856342730891,35.86529576128321],[-81.89859306899672,35.86522348502136],[-81.89863434385298,35.865148538974566],[-81.89867278845715,35.865076038274644],[-81.89868858063939,35.86503097258599]]},"properties":{"gnis_name":"Linville River","gnis_id":"01012897","lengthkm":0.19029564000000002,"fcode":55800,"fdate":1405468800000}},{"type":"Feature","geometry":{"type":"LineString","coordinates":[[-81.91161851856165,35.82603659574828],[-81.91152793280621,35.82593191485783],[-81.91152365413103,35.82592295514786]]},"properties":{"gnis_name":"Linville River","gnis_id":"01012897","lengthkm":0.0153278,"fcode":55800,"fdate":1405468800000}},{"type":"Feature","geometry":{"type":"LineString","coordinates":[[-81.89695570990234,35.891346260781354],[-81.89674813172341,35.89120950682532],[-81.89653475777098,35.891018510815165],[-81.89647193033707,35.89095202310556]]},"properties":{"gnis_name":"Linville River","gnis_id":"01012897","lengthkm":0.06206621,"fcode":55800,"fdate":1405468800000}},{"type":"Feature","geometry":{"type":"LineString","coordinates":[[-81.90593023216096,35.8428403027431],[-81.90600021950829,35.84275417707362],[-81.90635041013513,35.84243246536269],[-81.90641021481821,35.842372176166066]]},"properties":{"gnis_name":"Linville River","gnis_id":"01012897","lengthkm":0.06787014,"fcode":55800,"fdate":1405468800000}},{"type":"Feature","geometry":{"type":"LineString","coordinates":[[-81.90414903174816,35.84580891871339],[-81.90429646498943,35.84567766137819],[-81.90457089538718,35.845389094206666],[-81.90489578751452,35.84500533472136],[-81.90503753735992,35.84478792307391]]},"properties":{"gnis_name":"Linville River","gnis_id":"01012897","lengthkm":0.13968324000000001,"fcode":55800,"fdate":1405468800000}},{"type":"Feature","geometry":{"type":"LineString","coordinates":[[-81.89885463839606,35.849499978099665],[-81.89902577707953,35.849381647140476],[-81.89929795472148,35.84924356658003],[-81.89953458148389,35.849187808333994],[-81.89987573091213,35.84904181448809],[-81.90010801032412,35.8488924256094]]},"properties":{"gnis_name":"Linville River","gnis_id":"01012897","lengthkm":0.1325181,"fcode":55800,"fdate":1405468800000}},{"type":"Feature","geometry":{"type":"LineString","coordinates":[[-81.91224473368409,35.82628115883952],[-81.91214897335384,35.82626314838209],[-81.91194618267117,35.82621723553328],[-81.91177667346372,35.82615207283692],[-81.9116550537862,35.82607883877098],[-81.91161851856165,35.82603659574828]]},"properties":{"gnis_name":"Linville River","gnis_id":"01012897","lengthkm":0.06390546,"fcode":55800,"fdate":1405468800000}},{"type":"Feature","geometry":{"type":"LineString","coordinates":[[-81.92932171406495,35.941238163438314],[-81.92926779151976,35.94115408739989],[-81.92910282320202,35.94089323300459],[-81.92897582084291,35.94078892369215],[-81.92866837118447,35.94072473049103],[-81.9280696667365,35.94071762617852],[-81.9275935892028,35.94069565360492],[-81.9272058925333,35.940602363189036],[-81.9269400122022,35.940551482132975],[-81.92664878862867,35.94052983890877],[-81.92622324462141,35.94052572778225],[-81.92601554157845,35.940530708310924]]},"properties":{"gnis_name":"Linville River","gnis_id":"01012897","lengthkm":0.3276045,"fcode":55800,"fdate":1405468800000}},{"type":"Feature","geometry":{"type":"LineString","coordinates":[[-81.8994563322978,35.872192471235245],[-81.8995351537775,35.872117393498996],[-81.89960908786973,35.872053595664134],[-81.89967042734021,35.871966249612996],[-81.8997353171122,35.87189552497467],[-81.89979425294948,35.871822549837304],[-81.89982700063084,35.87175496590296],[-81.8998595797457,35.871682633137134],[-81.89986137154499,35.871669878394705]]},"properties":{"gnis_name":"Linville River","gnis_id":"01012897","lengthkm":0.06963218000000002,"fcode":55800,"fdate":1405468800000}},{"type":"Feature","geometry":{"type":"LineString","coordinates":[[-81.93171425204724,35.97080695758506],[-81.93141561883213,35.97085340728608]]},"properties":{"gnis_name":"Linville River","gnis_id":"01012897","lengthkm":0.027191970000000003,"fcode":55800,"fdate":1405468800000}},{"type":"Feature","geometry":{"type":"LineString","coordinates":[[-81.92899863766918,35.94305594418325],[-81.92906800902045,35.94300542441907],[-81.9291149579078,35.94295750516722]]},"properties":{"gnis_name":"Linville River","gnis_id":"01012897","lengthkm":0.01520742,"fcode":55800,"fdate":1405468800000}},{"type":"Feature","geometry":{"type":"LineString","coordinates":[[-81.93121148482027,35.96028138041478],[-81.93119877886143,35.96007171035589],[-81.93117179677814,35.95997453483901],[-81.93110261376349,35.959847368798386],[-81.93102370071679,35.9596941975672],[-81.9309203684217,35.95951536125956],[-81.93083212178638,35.95934809949755],[-81.93078053211805,35.95922051132598],[-81.93069561415052,35.95896936114908]]},"properties":{"gnis_name":"Linville River","gnis_id":"01012897","lengthkm":0.15524226,"fcode":55800,"fdate":1405468800000}},{"type":"Feature","geometry":{"type":"LineString","coordinates":[[-81.89878377491924,35.875134289295815],[-81.89877416558913,35.875089041306886],[-81.89873955847379,35.87502305791233],[-81.89870193276975,35.87495477099792],[-81.89866514677654,35.874895208868885]]},"properties":{"gnis_name":"Linville River","gnis_id":"01012897","lengthkm":0.028942290000000002,"fcode":55800,"fdate":1405468800000}},{"type":"Feature","geometry":{"type":"LineString","coordinates":[[-81.89852298487975,35.873542532878844],[-81.89853302186927,35.8735154127164],[-81.89855983330499,35.87344557730677],[-81.89859215748906,35.873366079230784],[-81.89864145278023,35.87326948853113],[-81.89866833289119,35.873202043266275],[-81.89872668915113,35.8731123780995],[-81.89878586535174,35.87304655578903],[-81.89879859212127,35.87303069336797]]},"properties":{"gnis_name":"Linville River","gnis_id":"01012897","lengthkm":0.06281473000000001,"fcode":55800,"fdate":1405468800000}},{"type":"Feature","geometry":{"type":"LineString","coordinates":[[-81.90270748135431,35.91804185759128],[-81.90271405752823,35.91801626528683],[-81.90273234699173,35.917953791209506],[-81.90274701539742,35.91787233728216],[-81.90279307150672,35.917766275985905],[-81.90282315646193,35.917705897474065],[-81.90284918645673,35.91761738746431]]},"properties":{"gnis_name":"Linville River","gnis_id":"01012897","lengthkm":0.04935225,"fcode":55800,"fdate":1405468800000}},{"type":"Feature","geometry":{"type":"LineString","coordinates":[[-81.92299584262844,35.94689619834557],[-81.92305135823096,35.94682843674309],[-81.92325601355029,35.946565878411796],[-81.92355595263538,35.94626048573665],[-81.92384906477787,35.94601012326129],[-81.923999429203,35.94586814495182],[-81.92419141394163,35.94557965129682],[-81.92426236898544,35.945498377457746]]},"properties":{"gnis_name":"Linville River","gnis_id":"01012897","lengthkm":0.19402392000000002,"fcode":55800,"fdate":1405468800000}},{"type":"Feature","geometry":{"type":"LineString","coordinates":[[-81.90311506574729,35.84664587722254],[-81.90333459445748,35.846493279582255]]},"properties":{"gnis_name":"Linville River","gnis_id":"01012897","lengthkm":0.026041360000000003,"fcode":55800,"fdate":1405468800000}},{"type":"Feature","geometry":{"type":"LineString","coordinates":[[-81.90876582945678,35.92891792161381],[-81.90876416772424,35.92891087521984],[-81.90875770704955,35.92881319038003],[-81.90875167923696,35.92872746316999],[-81.90874575339669,35.92864410938839],[-81.90873687452132,35.92856082629498],[-81.90874197209665,35.928458114234736],[-81.90874051951141,35.928443707084625]]},"properties":{"gnis_name":"Linville River","gnis_id":"01012897","lengthkm":0.05320836,"fcode":55800,"fdate":1405468800000}},{"type":"Feature","geometry":{"type":"LineString","coordinates":[[-81.85229376093046,35.763077770354776],[-81.85166560417183,35.762434499509524]]},"properties":{"gnis_name":"Linville River","gnis_id":"01012897","lengthkm":0.09141266,"fcode":55800,"fdate":1405468800000}},{"type":"Feature","geometry":{"type":"LineString","coordinates":[[-81.89278323471537,35.796730327275405],[-81.89276976916679,35.79672230192538],[-81.89270497616447,35.79669012877924],[-81.8926088349988,35.79667166936642],[-81.89251943857356,35.7966634287969],[-81.89242404034908,35.796665694025215],[-81.89233556895844,35.796683325500396],[-81.89225654041249,35.796698185359595],[-81.89218040767226,35.79670414466287]]},"properties":{"gnis_name":"Linville River","gnis_id":"01012897","lengthkm":0.05609434,"fcode":55800,"fdate":1496102400000}},{"type":"Feature","geometry":{"type":"LineString","coordinates":[[-81.92495017226597,35.932714582034876],[-81.92493187968088,35.93269938958231],[-81.92485378241273,35.932648784843174],[-81.9247342771,35.93258961071402],[-81.92466239910266,35.93254839083574],[-81.92459050341625,35.93250717177848],[-81.9244681137437,35.93244269887157]]},"properties":{"gnis_name":"Linville River","gnis_id":"01012897","lengthkm":0.05286461,"fcode":55800,"fdate":1405468800000}},{"type":"Feature","geometry":{"type":"LineString","coordinates":[[-81.90035654287485,35.858113697347605],[-81.90044085004902,35.85792242419545],[-81.90063427904862,35.857591935950076],[-81.90077733892613,35.85728771101182],[-81.9008096693534,35.857044609701184],[-81.90083264017868,35.8568268102368],[-81.90083388777877,35.85677735198185]]},"properties":{"gnis_name":"Linville River","gnis_id":"01012897","lengthkm":0.15734030999999998,"fcode":55800,"fdate":1405468800000}},{"type":"Feature","geometry":{"type":"LineString","coordinates":[[-81.89938929174234,35.80442075419079],[-81.89937792391002,35.80439336819012],[-81.89924414871606,35.80421658513444],[-81.8989961530808,35.80401483584909],[-81.8987616510885,35.80387277246282],[-81.89857156740524,35.803784993497516],[-81.89841124923328,35.803737303054575],[-81.89835791979236,35.80370649227225],[-81.8982610492125,35.803667970760394],[-81.89817169232755,35.80363897602548],[-81.89810420642358,35.80362114187],[-81.8980342815083,35.80360140471356],[-81.89796709319704,35.80359133612895],[-81.89787806616133,35.803572067330364],[-81.89779425115968,35.80356434141258],[-81.8977394014988,35.8035656469282],[-81.89766055088414,35.803563628315814],[-81.89759573394952,35.80355350318499],[-81.89751219572987,35.803553542848356],[-81.89733851502221,35.80356934068489],[-81.89727193542326,35.803576764485484],[-81.89719125555008,35.80359034960844],[-81.89711080043223,35.80360975595841],[-81.89704014298111,35.80363671605939],[-81.89697183817702,35.80366168792178],[-81.89689851175659,35.80368091028403],[-81.89674909109564,35.80370782479026],[-81.89666358314541,35.803719563437966],[-81.89656339950574,35.8037219457672],[-81.89646050007272,35.80371468654062],[-81.89636692278249,35.803701336043176],[-81.89624922591759,35.80368080226483],[-81.8961599387484,35.80365376538386],[-81.89606118584278,35.80362888550417],[-81.89603909010647,35.80361836037267]]},"properties":{"gnis_name":"Linville River","gnis_id":"01012897","lengthkm":0.34031561,"fcode":55800,"fdate":1405468800000}},{"type":"Feature","geometry":{"type":"LineString","coordinates":[[-81.89986636818854,35.910728167041476],[-81.89986969061313,35.91056149814013],[-81.89987860902875,35.91033022417893],[-81.89993069815331,35.910023231840164],[-81.89994712506122,35.909761420161324],[-81.89992693350185,35.90943981189477],[-81.89990077656192,35.90927005065899],[-81.8998431653242,35.90902401248165],[-81.89978260521356,35.90877570898325],[-81.89975680517675,35.90867418989238]]},"properties":{"gnis_name":"Linville River","gnis_id":"01012897","lengthkm":0.23178156000000003,"fcode":55800,"fdate":1405468800000}},{"type":"Feature","geometry":{"type":"LineString","coordinates":[[-81.89688538021937,35.88774098458617],[-81.8969663597663,35.88752991323709]]},"properties":{"gnis_name":"Linville River","gnis_id":"01012897","lengthkm":0.02472011,"fcode":55800,"fdate":1405468800000}},{"type":"Feature","geometry":{"type":"LineString","coordinates":[[-81.90797501124399,35.84086546360878],[-81.90825517810484,35.84060715411563],[-81.90881574282506,35.84014254867745],[-81.90908378018283,35.83989172809056],[-81.90931383389291,35.83965435238707],[-81.90938370261937,35.83955291085983]]},"properties":{"gnis_name":"Linville River","gnis_id":"01012897","lengthkm":0.19409902,"fcode":55800,"fdate":1405468800000}},{"type":"Feature","geometry":{"type":"LineString","coordinates":[[-81.89989523988129,35.85412366972344],[-81.89977458061652,35.85405259012924],[-81.89976281425974,35.854045640803264],[-81.89930881893541,35.85383709748771],[-81.89889442528892,35.85365894442969],[-81.89856463849033,35.853478764351216]]},"properties":{"gnis_name":"Linville River","gnis_id":"01012897","lengthkm":0.13946623,"fcode":55800,"fdate":1405468800000}},{"type":"Feature","geometry":{"type":"LineString","coordinates":[[-81.90827214713087,35.932415994874546],[-81.9082452732631,35.932111741390386],[-81.90836003894415,35.931877588302],[-81.90855471138171,35.93166301511583],[-81.90874541314211,35.93141989437729],[-81.90890174919103,35.931036839752224],[-81.9089657316175,35.93077765896975],[-81.90899589045061,35.930474679858214],[-81.90903158804541,35.93032589109102],[-81.90901839719778,35.93020454908717],[-81.90902773702963,35.930056417004934],[-81.90906053361607,35.92982660627125],[-81.90902321174792,35.92960562574528],[-81.90892300729759,35.92942908640245],[-81.90876582945678,35.92891792161381]]},"properties":{"gnis_name":"Linville River","gnis_id":"01012897","lengthkm":0.41155684000000003,"fcode":55800,"fdate":1405468800000}},{"type":"Feature","geometry":{"type":"LineString","coordinates":[[-81.89849123611091,35.87452756731208],[-81.89848995521372,35.874520827195326],[-81.89846008981115,35.87442372611265],[-81.89844614561702,35.87436203210456],[-81.8984312763883,35.87427410766822],[-81.89842836809619,35.874193057340435],[-81.89841408052588,35.874121824583405],[-81.89841728120801,35.87404778490922],[-81.89842860117577,35.873954485866975],[-81.89843439278718,35.87387083829827],[-81.8984367381505,35.87377297167743],[-81.89846586893614,35.87368639142101],[-81.89850629471678,35.87358761986492],[-81.89852298487975,35.873542532878844]]},"properties":{"gnis_name":"Linville River","gnis_id":"01012897","lengthkm":0.11214335,"fcode":55800,"fdate":1405468800000}},{"type":"Feature","geometry":{"type":"LineString","coordinates":[[-81.92601554157845,35.940530708310924],[-81.92593304077104,35.94053268636924],[-81.92567467621595,35.94052695690802],[-81.9254556126244,35.94051858132967],[-81.92455297344134,35.940532886870834],[-81.92412192292896,35.940523548379616],[-81.92367672011568,35.94048304197672],[-81.92338342587975,35.94040418239872],[-81.9232412619019,35.94036703560802],[-81.92308152850995,35.94033029485887],[-81.92293658318513,35.94029798030617],[-81.92274373168179,35.94023818596491],[-81.92260725214037,35.94019613520946],[-81.92249457897289,35.9401630480773],[-81.92238448008617,35.94012035112403],[-81.92221472843433,35.94005043967842],[-81.9220360105023,35.93997600505792],[-81.92187859437927,35.939922517057084],[-81.9217564200972,35.93987057660248],[-81.92166073052323,35.9398203757761],[-81.92151210795176,35.939766677056916],[-81.92140451571107,35.93971199600141],[-81.92129096433304,35.93965509504385],[-81.92121614474651,35.939613929397],[-81.92108174107011,35.93954796608735],[-81.9209538844327,35.939500911625146],[-81.92085009222163,35.93947000110625],[-81.92063689307888,35.939415456323374],[-81.92037972929984,35.93936197721018],[-81.92021187766282,35.93934452319689],[-81.9199762529345,35.939319141661265],[-81.9197788438929,35.939295236944794],[-81.91959935076315,35.93928045013646],[-81.91946677634526,35.93926452600785],[-81.91932312752559,35.93926796239159],[-81.91903847492331,35.93926525304861],[-81.91883613895394,35.93926768775051],[-81.91866018572034,35.939269504931055],[-81.9185517277555,35.93927209969974],[-81.91841948214632,35.93926572819457],[-81.9182550861222,35.93926251674686],[-81.91810834483593,35.939261216835],[-81.91798782916483,35.93925457911242],[-81.91795972642659,35.939255251393554]]},"properties":{"gnis_name":"Linville River","gnis_id":"01012897","lengthkm":0.7487148800000001,"fcode":55800,"fdate":1405468800000}},{"type":"Feature","geometry":{"type":"LineString","coordinates":[[-81.89870839136337,35.860437689699545],[-81.89873707055735,35.86041513572222],[-81.89883675057864,35.86033403495694],[-81.89894536774516,35.86025751743755],[-81.89901970140238,35.860205635150926],[-81.89908991142394,35.860143242783415]]},"properties":{"gnis_name":"Linville River","gnis_id":"01012897","lengthkm":0.04751862,"fcode":55800,"fdate":1405468800000}},{"type":"Feature","geometry":{"type":"LineString","coordinates":[[-81.90002640541634,35.9112852118838],[-81.90000933233692,35.911253724844485],[-81.89992624466844,35.91101762474393],[-81.89986559923403,35.91076699136825],[-81.89986636818854,35.910728167041476]]},"properties":{"gnis_name":"Linville River","gnis_id":"01012897","lengthkm":0.06423649000000001,"fcode":55800,"fdate":1405468800000}},{"type":"Feature","geometry":{"type":"LineString","coordinates":[[-81.91449415664057,35.83561723542642],[-81.91451718885735,35.83560758002862],[-81.91458300470447,35.83551200114378],[-81.91461354125137,35.83539845678145],[-81.91456148958603,35.83523519593201],[-81.91444936790151,35.835007552872376],[-81.91443374532628,35.834963807146956]]},"properties":{"gnis_name":"Linville River","gnis_id":"01012897","lengthkm":0.07890266,"fcode":55800,"fdate":1405468800000}},{"type":"Feature","geometry":{"type":"LineString","coordinates":[[-81.9169046479939,35.92925258879361],[-81.91690364075713,35.92922472772072],[-81.9168864074355,35.92915355458658],[-81.91683986331583,35.92908310936537],[-81.91677314116372,35.929022681356095],[-81.91670350031417,35.92896230722489],[-81.91660186721087,35.92890987003649],[-81.91651265287905,35.92887621702964],[-81.91642603051707,35.928832954514135],[-81.91634292932163,35.928806311647996],[-81.9162392390829,35.928777771307026],[-81.91613579024799,35.928756396166406],[-81.916012095746,35.928742646274934],[-81.91588625670371,35.9287504206639],[-81.91574532159632,35.928746631628876],[-81.9156249776133,35.92874474090283],[-81.91551292564455,35.92872833607219],[-81.91542991185395,35.92870406753296],[-81.91531432102957,35.928671043838584],[-81.91518942158936,35.92862392813453],[-81.91509951842414,35.92857120930286],[-81.91499773340287,35.928513993629416],[-81.91491988690339,35.92847053459637],[-81.91482732413364,35.92842502134662],[-81.91471422226623,35.92838001361473],[-81.9145601140003,35.92833598492804],[-81.91445141255052,35.92833142407545],[-81.91437600818396,35.92833219418802]]},"properties":{"gnis_name":"Linville River","gnis_id":"01012897","lengthkm":0.26350363,"fcode":55800,"fdate":1405468800000}},{"type":"Feature","geometry":{"type":"LineString","coordinates":[[-81.87362733637636,35.788919374172174],[-81.87298168720321,35.78854592869124]]},"properties":{"gnis_name":"Linville River","gnis_id":"01012897","lengthkm":0.0713727,"fcode":55800,"fdate":1405468800000}},{"type":"Feature","geometry":{"type":"LineString","coordinates":[[-81.86054297074429,35.779544155580346],[-81.85850874267452,35.77831382071965],[-81.85744112164679,35.7772208456232],[-81.85728157451044,35.77705750650778]]},"properties":{"gnis_name":"Linville River","gnis_id":"01012897","lengthkm":0.40700518,"fcode":55800,"fdate":1405468800000}},{"type":"Feature","geometry":{"type":"LineString","coordinates":[[-81.90989713115617,35.83861351785903],[-81.90990678522924,35.83859359032827],[-81.91004930923181,35.83827682424512],[-81.91011403147783,35.8379368503772],[-81.9101440748117,35.83767666375241]]},"properties":{"gnis_name":"Linville River","gnis_id":"01012897","lengthkm":0.10784829000000001,"fcode":55800,"fdate":1405468800000}},{"type":"Feature","geometry":{"type":"LineString","coordinates":[[-81.8842048801123,35.791814295342924],[-81.88412583699889,35.79180402776221],[-81.88392815845903,35.79179317695789],[-81.88384802278507,35.791776922693224],[-81.88375843073948,35.79176348325485],[-81.88366868781647,35.79174486655249],[-81.88356963731817,35.79173424193928],[-81.88347078868343,35.79172880893627],[-81.88339821040682,35.791746087015596],[-81.8833388188157,35.791776008612295],[-81.88328933102576,35.79181607286235],[-81.88324639963965,35.79186116495408],[-81.88320324870084,35.79190107892467],[-81.88314406001383,35.79193617686864],[-81.88306248528156,35.79196922972531],[-81.88297111808522,35.79199472517424],[-81.88285992975955,35.79199994715299],[-81.88275117940469,35.79198436983831],[-81.88248168009687,35.791923338403095],[-81.88231323015287,35.79187431656317]]},"properties":{"gnis_name":"Linville River","gnis_id":"01012897","lengthkm":0.18274823,"fcode":55800,"fdate":1496102400000}},{"type":"Feature","geometry":{"type":"LineString","coordinates":[[-81.89462081229271,35.79969712016994],[-81.89461640979398,35.79967821332213],[-81.89459519226824,35.79961908244949],[-81.89456089211039,35.79954989762685],[-81.89451994294124,35.79947308348198],[-81.89445899887363,35.79937082091793],[-81.89441806635303,35.799294020947],[-81.89432206461889,35.799101848951274],[-81.89428131835385,35.79903021284843],[-81.89423364213334,35.798943193995235],[-81.89418988560385,35.79887682484956],[-81.89415222348114,35.79880252418714],[-81.89411474761397,35.79873341460919],[-81.89407126994757,35.798674811348135],[-81.89403425711798,35.79861866057434],[-81.89397078559362,35.79853459511262],[-81.8938415762622,35.79839248141557],[-81.89378193078082,35.798326475555356],[-81.89371628558126,35.79827100476524],[-81.89361990821443,35.798156629000076],[-81.89359887694422,35.79810267468668],[-81.89354580035305,35.79795355787209],[-81.8935334845944,35.79787606363837],[-81.89349798886316,35.79780086659562]]},"properties":{"gnis_name":"Linville River","gnis_id":"01012897","lengthkm":0.23715388,"fcode":55800,"fdate":1405468800000}},{"type":"Feature","geometry":{"type":"LineString","coordinates":[[-81.9062704836085,35.9223101824932],[-81.90621673483243,35.92227487510616],[-81.90612382244332,35.92221981624611],[-81.90603402020989,35.92216949466771],[-81.9059383608114,35.92211928260052],[-81.90582183974976,35.922060033179704],[-81.90569937828035,35.92199853554726],[-81.90557724145751,35.921946563935066],[-81.90543944564075,35.92186635027669],[-81.90531964689748,35.92179763103859],[-81.90521485473339,35.92173810330423],[-81.90512556548313,35.92170205329193],[-81.90500394476508,35.92166439633922],[-81.90497145721721,35.921656008650565],[-81.90488553513451,35.92163380579241],[-81.90473547974793,35.92162068748919],[-81.90457084544155,35.92161029261424],[-81.90440021870074,35.92159525897336],[-81.9042554856448,35.921567700240274],[-81.90412861127135,35.921546858231025],[-81.90398089188325,35.92151697967511],[-81.90385954586614,35.921486458168395],[-81.90374654597105,35.921443827808616],[-81.90360650364168,35.921382746807744],[-81.90341294145375,35.921301467469355],[-81.90326919170231,35.921219003281884],[-81.90313078197056,35.92112209513308],[-81.90306501919069,35.92106733461171]]},"properties":{"gnis_name":"Linville River","gnis_id":"01012897","lengthkm":0.32527638999999997,"fcode":55800,"fdate":1405468800000}},{"type":"Feature","geometry":{"type":"LineString","coordinates":[[-81.90758722196696,35.92357517018903],[-81.90758631774305,35.923573473142966],[-81.9075329654104,35.92347693526396],[-81.90748110832489,35.9233397952891],[-81.90743689291997,35.92325258670329],[-81.90738984310086,35.923167808163285],[-81.90732143320285,35.92305970469157],[-81.90725980654503,35.92297767797762],[-81.90718078424227,35.922900832521776],[-81.90709571851893,35.92281934998382],[-81.90697291159229,35.922748327813984],[-81.90689792447982,35.92270239079633],[-81.90680235040513,35.922654567936135],[-81.90672168093728,35.92261354679598],[-81.90664106245562,35.92257199477432]]},"properties":{"gnis_name":"Linville River","gnis_id":"01012897","lengthkm":0.1455036,"fcode":55800,"fdate":1405468800000}},{"type":"Feature","geometry":{"type":"LineString","coordinates":[[-81.90674783579615,35.815036857352105],[-81.90674333756832,35.81499241715627],[-81.90678282999008,35.81475152939624],[-81.90684720469781,35.81449390104948],[-81.9069572224229,35.814165957285965],[-81.90709286641565,35.81384202608793],[-81.90723009306038,35.81348344308923],[-81.90740162610618,35.81313327537479],[-81.90747757050978,35.81288228334703],[-81.90755026636673,35.81269827850104],[-81.90756094536565,35.812522681758985],[-81.90753908062783,35.81230863734373],[-81.90746369811251,35.81210278575447],[-81.90741852645698,35.812032703863984]]},"properties":{"gnis_name":"Linville River","gnis_id":"01012897","lengthkm":0.34907292,"fcode":55800,"fdate":1405468800000}},{"type":"Feature","geometry":{"type":"LineString","coordinates":[[-81.90083388777877,35.85677735198185],[-81.90084115174558,35.85649236132163],[-81.90086232140678,35.85622446164427],[-81.90084278538373,35.855965890138116]]},"properties":{"gnis_name":"Linville River","gnis_id":"01012897","lengthkm":0.09097927000000001,"fcode":55800,"fdate":1405468800000}},{"type":"Feature","geometry":{"type":"LineString","coordinates":[[-81.89891387286657,35.86720239997099],[-81.89888233324504,35.86715861719405],[-81.89884488131015,35.867095091944705],[-81.89879684818655,35.86698171843994],[-81.8987465820773,35.86688747846685],[-81.89870818845928,35.866797736166255],[-81.89866401259465,35.866710509119464],[-81.89864395318307,35.86665971207855]]},"properties":{"gnis_name":"Linville River","gnis_id":"01012897","lengthkm":0.0655151,"fcode":55800,"fdate":1405468800000}},{"type":"Feature","geometry":{"type":"LineString","coordinates":[[-81.90001647560182,35.89894321772667],[-81.90010073283037,35.898840441076416]]},"properties":{"gnis_name":"Linville River","gnis_id":"01012897","lengthkm":0.013757,"fcode":55800,"fdate":1405468800000}},{"type":"Feature","geometry":{"type":"LineString","coordinates":[[-81.89866514677654,35.874895208868885],[-81.89865835000944,35.87488423451875],[-81.89860927843304,35.87482337642476],[-81.89856830533161,35.87474322966682],[-81.8985360009177,35.87466050111634],[-81.8985044144721,35.87459683686006],[-81.89849123611091,35.87452756731208]]},"properties":{"gnis_name":"Linville River","gnis_id":"01012897","lengthkm":0.04439009,"fcode":55800,"fdate":1405468800000}},{"type":"Feature","geometry":{"type":"LineString","coordinates":[[-81.86458223366614,35.782255505773755],[-81.8618148308778,35.78036458884714]]},"properties":{"gnis_name":"Linville River","gnis_id":"01012897","lengthkm":0.32604122,"fcode":55800,"fdate":1405468800000}},{"type":"Feature","geometry":{"type":"LineString","coordinates":[[-81.89972521144745,35.8708590648071],[-81.89966046735019,35.87079031982607],[-81.89961415631011,35.87072011944383]]},"properties":{"gnis_name":"Linville River","gnis_id":"01012897","lengthkm":0.018520550000000004,"fcode":55800,"fdate":1405468800000}},{"type":"Feature","geometry":{"type":"LineString","coordinates":[[-81.8463283377035,35.75937015124621],[-81.84603325895202,35.759239583554105],[-81.84378483178645,35.757945435915225],[-81.84161283911592,35.756585348298245],[-81.84039996996802,35.755651735827556],[-81.84006397014181,35.755272787257844]]},"properties":{"gnis_name":"Linville River","gnis_id":"01012897","lengthkm":0.72840242,"fcode":55800,"fdate":1405468800000}},{"type":"Feature","geometry":{"type":"LineString","coordinates":[[-81.89777118772686,35.85062040665647],[-81.89788833102777,35.85050543748486],[-81.89809560641133,35.85027489729391],[-81.89828569529728,35.8499946206825]]},"properties":{"gnis_name":"Linville River","gnis_id":"01012897","lengthkm":0.08409246000000001,"fcode":55800,"fdate":1405468800000}},{"type":"Feature","geometry":{"type":"LineString","coordinates":[[-81.89806005969392,35.89459848043685],[-81.89803550933824,35.89447225192284],[-81.89796145766572,35.89432696020874],[-81.89790863392426,35.89421385748348],[-81.89783079574903,35.89404298968167],[-81.89776465317429,35.89387884227936],[-81.89774849888626,35.89370660903016]]},"properties":{"gnis_name":"Linville River","gnis_id":"01012897","lengthkm":0.10439720000000001,"fcode":55800,"fdate":1405468800000}},{"type":"Feature","geometry":{"type":"LineString","coordinates":[[-81.8990555165775,35.86740982880129],[-81.899030602035,35.86736981028684],[-81.89895329453203,35.867257131148726],[-81.89892551227823,35.86721854266628]]},"properties":{"gnis_name":"Linville River","gnis_id":"01012897","lengthkm":0.024379590000000003,"fcode":55800,"fdate":1405468800000}},{"type":"Feature","geometry":{"type":"LineString","coordinates":[[-81.89856463849033,35.853478764351216],[-81.89820566679829,35.85334316537973],[-81.89799866299407,35.85318933833726]]},"properties":{"gnis_name":"Linville River","gnis_id":"01012897","lengthkm":0.06083725,"fcode":55800,"fdate":1405468800000}},{"type":"Feature","geometry":{"type":"LineString","coordinates":[[-81.8989103881187,35.872880524235924],[-81.89898732519161,35.872779337692364],[-81.89910511258294,35.87263098763857],[-81.89918352929499,35.872528935685814],[-81.8992109421593,35.87247580764039],[-81.89928132386895,35.87239540471361],[-81.89934336465925,35.87232712312284],[-81.89940513282967,35.87225169138231],[-81.89945296513027,35.87219568709229],[-81.8994563322978,35.872192471235245]]},"properties":{"gnis_name":"Linville River","gnis_id":"01012897","lengthkm":0.09136832,"fcode":55800,"fdate":1405468800000}},{"type":"Feature","geometry":{"type":"LineString","coordinates":[[-81.90950551271459,35.83937605088239],[-81.90962104006641,35.839208330922496],[-81.90966743122759,35.83910521611737]]},"properties":{"gnis_name":"Linville River","gnis_id":"01012897","lengthkm":0.03370937,"fcode":55800,"fdate":1405468800000}},{"type":"Feature","geometry":{"type":"LineString","coordinates":[[-81.93092801738602,35.96231120828485],[-81.9310077503734,35.962082658649635],[-81.93106177489094,35.96171158244014],[-81.93107157255766,35.96149663545667]]},"properties":{"gnis_name":"Linville River","gnis_id":"01012897","lengthkm":0.09248501,"fcode":55800,"fdate":1405468800000}},{"type":"Feature","geometry":{"type":"LineString","coordinates":[[-81.89807395706403,35.900561520623675],[-81.89810452066482,35.900471443080356],[-81.89821230124213,35.900356829435964],[-81.89846421969,35.900182793044905],[-81.89881555386356,35.899980712950374],[-81.89913030598856,35.899798182052216],[-81.89929405896274,35.89967062839454]]},"properties":{"gnis_name":"Linville River","gnis_id":"01012897","lengthkm":0.15027557,"fcode":55800,"fdate":1405468800000}},{"type":"Feature","geometry":{"type":"LineString","coordinates":[[-81.93099746261522,35.965202304736216],[-81.93088913679819,35.9651988366353],[-81.93072881342356,35.965147818984136],[-81.9306055569863,35.96506726934086],[-81.9304747285842,35.964939206995616],[-81.93034387729035,35.964730011663356]]},"properties":{"gnis_name":"Linville River","gnis_id":"01012897","lengthkm":0.08404144000000001,"fcode":55800,"fdate":1405468800000}},{"type":"Feature","geometry":{"type":"LineString","coordinates":[[-81.92347469838752,35.934776886557025],[-81.92353317951152,35.93473929901866],[-81.9236217996985,35.93467515229706],[-81.92368936260196,35.93459718082447],[-81.92380548513913,35.934482275400605],[-81.92395064585449,35.93435951593469],[-81.92403313417549,35.934288344053016],[-81.92413028778059,35.934216835102795],[-81.92435155938496,35.934008741296815],[-81.92456749409122,35.933815104510465],[-81.92461852187125,35.933766158557056],[-81.92466352287921,35.93371260232266],[-81.92477394225037,35.93360259990911],[-81.92482737262306,35.93353928046076],[-81.92488961215534,35.93347576465476],[-81.9249489163416,35.93341231956938],[-81.92501030991986,35.933324962013366],[-81.9250435612196,35.933271675086914],[-81.92508182581142,35.933194420058896],[-81.92510872048985,35.933126955913856],[-81.92513311164383,35.933071518734174],[-81.92513991881627,35.933016474974295],[-81.92513741321076,35.932947352588734],[-81.92511144772907,35.93287879463479],[-81.92507411753664,35.93282004109838],[-81.9250044673223,35.93275968671743],[-81.92495017226597,35.932714582034876]]},"properties":{"gnis_name":"Linville River","gnis_id":"01012897","lengthkm":0.28955209000000004,"fcode":55800,"fdate":1405468800000}},{"type":"Feature","geometry":{"type":"LineString","coordinates":[[-81.92974854209098,35.97022110524739],[-81.92968853138223,35.9699825832677],[-81.92970932645123,35.96982010424626],[-81.92980954026638,35.96969411199335],[-81.92997919410803,35.96961490598077],[-81.93031346040485,35.96954123776592]]},"properties":{"gnis_name":"Linville River","gnis_id":"01012897","lengthkm":0.11080306000000001,"fcode":55800,"fdate":1405468800000}},{"type":"Feature","geometry":{"type":"LineString","coordinates":[[-81.90284918645673,35.91761738746431],[-81.90284929467227,35.91761701331081],[-81.9028667954111,35.91753310091295],[-81.90286724700279,35.91746392454281],[-81.90285847738349,35.917382999320715],[-81.90284926241571,35.9172901760542],[-81.90280783772258,35.91719813216943],[-81.90277880682817,35.917124846533696],[-81.90269660049184,35.91704091675981],[-81.90260492009479,35.91693813159094],[-81.90250772694942,35.91684501033061],[-81.9024255913694,35.91676348363228],[-81.90240003689856,35.916736923497545]]},"properties":{"gnis_name":"Linville River","gnis_id":"01012897","lengthkm":0.1115045,"fcode":55800,"fdate":1405468800000}},{"type":"Feature","geometry":{"type":"LineString","coordinates":[[-81.898253780043,35.860819732607695],[-81.89830127208901,35.860766670078405],[-81.89839836014046,35.86069516467366],[-81.89850897201038,35.86059233332384],[-81.89860880499015,35.86051601085517],[-81.89870839136337,35.860437689699545]]},"properties":{"gnis_name":"Linville River","gnis_id":"01012897","lengthkm":0.05917489,"fcode":55800,"fdate":1405468800000}},{"type":"Feature","geometry":{"type":"LineString","coordinates":[[-81.89760315711803,35.881800158087465],[-81.89760700085006,35.881775403876574],[-81.89761649884305,35.881713138933684],[-81.89761656751828,35.8817125934671]]},"properties":{"gnis_name":"Linville River","gnis_id":"01012897","lengthkm":0.00987816,"fcode":55800,"fdate":1405468800000}},{"type":"Feature","geometry":{"type":"LineString","coordinates":[[-81.89695151030772,35.902136580743395],[-81.89707800904846,35.901924229546644],[-81.89727593211377,35.90168379881974],[-81.8974610347615,35.90148567219918],[-81.89763061784687,35.90133460627047],[-81.89776728572494,35.90122632124645],[-81.8979199934323,35.90108498906191],[-81.89800282721053,35.90091497052856],[-81.89803189036152,35.90068553616976],[-81.89807395706403,35.900561520623675]]},"properties":{"gnis_name":"Linville River","gnis_id":"01012897","lengthkm":0.20772373000000002,"fcode":55800,"fdate":1405468800000}},{"type":"Feature","geometry":{"type":"LineString","coordinates":[[-81.90010073283037,35.898840441076416],[-81.90014669633214,35.89878439574136],[-81.90021618318268,35.89864269169625],[-81.90023174540694,35.8985459851587]]},"properties":{"gnis_name":"Linville River","gnis_id":"01012897","lengthkm":0.03546197,"fcode":55800,"fdate":1405468800000}},{"type":"Feature","geometry":{"type":"LineString","coordinates":[[-81.86543646097127,35.78283915302265],[-81.86458223366614,35.782255505773755]]},"properties":{"gnis_name":"Linville River","gnis_id":"01012897","lengthkm":0.10063743000000001,"fcode":55800,"fdate":1405468800000}},{"type":"Feature","geometry":{"type":"LineString","coordinates":[[-81.91543230404127,35.82768255697164],[-81.91538534682965,35.8275493073217],[-81.91530011670196,35.82730677795822],[-81.91517716410058,35.82703978532354],[-81.915026816324,35.8267988278188],[-81.9148805599265,35.8265923709336],[-81.91476700438633,35.826507408745776],[-81.9146406232259,35.826459672049296],[-81.91441758479505,35.82648115327098],[-81.91418864237511,35.82649586075872],[-81.91402929294019,35.826476596674276],[-81.91379519571555,35.8264268250549],[-81.91354253432651,35.826412109117825],[-81.91339225002247,35.82640877413492],[-81.91318829186082,35.826409040731086],[-81.91293518928542,35.826395737075636]]},"properties":{"gnis_name":"Linville River","gnis_id":"01012897","lengthkm":0.31265211,"fcode":55800,"fdate":1405468800000}},{"type":"Feature","geometry":{"type":"LineString","coordinates":[[-81.91548014258505,35.831569754350895],[-81.91559618083899,35.831539135743],[-81.9157154915719,35.83146473741168],[-81.91588828470418,35.83131552211097],[-81.91611850489969,35.831135130140865],[-81.91632413103709,35.8309493555262],[-81.91642097040096,35.83079202286451],[-81.91646197679947,35.83073640265399],[-81.91654147566672,35.830645533701855],[-81.91660314810804,35.830565884719675],[-81.91662415752701,35.83050606146],[-81.91661701738373,35.83044558097857],[-81.91657513589625,35.83034008084632],[-81.91654377940867,35.8303002351215]]},"properties":{"gnis_name":"Linville River","gnis_id":"01012897","lengthkm":0.18509222,"fcode":55800,"fdate":1405468800000}},{"type":"Feature","geometry":{"type":"LineString","coordinates":[[-81.91247427545152,35.93372261900182],[-81.91241378193506,35.933724063075076],[-81.9122960215976,35.933712559354305],[-81.91216050454997,35.93369671245803],[-81.91205689547286,35.93367055652068],[-81.91196733360276,35.93362736065997],[-81.9118217337821,35.93357596876041],[-81.91171752327647,35.933533121650726],[-81.91155116168392,35.933475067891436],[-81.91133686789952,35.9333895142402],[-81.91120299801698,35.93333784162668],[-81.9110783514265,35.933297872439766],[-81.91095059780193,35.93325321038799],[-81.91083785283762,35.93321772337475],[-81.91076913910372,35.93318357764097],[-81.91067052875124,35.93313343912685],[-81.91055476207663,35.93309564860151],[-81.91044253321711,35.93307446335347],[-81.91032192389797,35.933065416336724],[-81.910216428333,35.933067932111804],[-81.9101050423059,35.933070588588286],[-81.91000237907409,35.9330706467224],[-81.90990816601764,35.93306097034011],[-81.90980540081351,35.93305865340035],[-81.90967921215184,35.93305688157325],[-81.90958257777315,35.933061576114554],[-81.90947402407919,35.933061774107586],[-81.90938300442114,35.933059162284586],[-81.90927129270696,35.93305229234716],[-81.909191556598,35.93303750437094],[-81.9090942365075,35.933023133441296],[-81.90908670512349,35.93302173906417]]},"properties":{"gnis_name":"Linville River","gnis_id":"01012897","lengthkm":0.31928166,"fcode":55800,"fdate":1405468800000}},{"type":"Feature","geometry":{"type":"LineString","coordinates":[[-81.90333459445748,35.846493279582255],[-81.903460517783,35.84640576619345],[-81.90375915932238,35.84614795888257],[-81.90405778525374,35.845890166759276],[-81.90414903174816,35.84580891871339]]},"properties":{"gnis_name":"Linville River","gnis_id":"01012897","lengthkm":0.10585024,"fcode":55800,"fdate":1405468800000}},{"type":"Feature","geometry":{"type":"LineString","coordinates":[[-81.91388212191342,35.83382826653858],[-81.9138260652333,35.833729862045054],[-81.91378545007551,35.833651672180885]]},"properties":{"gnis_name":"Linville River","gnis_id":"01012897","lengthkm":0.02158757,"fcode":55800,"fdate":1405468800000}},{"type":"Feature","geometry":{"type":"LineString","coordinates":[[-81.90503753735992,35.84478792307391],[-81.90513653062885,35.844636103750716],[-81.9052994459733,35.844243648673405],[-81.9053265487585,35.84412121397893]]},"properties":{"gnis_name":"Linville River","gnis_id":"01012897","lengthkm":0.07939266,"fcode":55800,"fdate":1405468800000}},{"type":"Feature","geometry":{"type":"LineString","coordinates":[[-81.90023174540694,35.8985459851587],[-81.90023729769558,35.8985114839273],[-81.90020613266623,35.898362855026484],[-81.90012845265214,35.89819665064593],[-81.89996002872151,35.89789955237649],[-81.89982923465702,35.897692598703514],[-81.8996408865842,35.89740065373977],[-81.89945136791079,35.89715540133587],[-81.89931307055673,35.896978986805884],[-81.89921289211975,35.89682498400805],[-81.89920115906004,35.89679514500415]]},"properties":{"gnis_name":"Linville River","gnis_id":"01012897","lengthkm":0.21841171,"fcode":55800,"fdate":1405468800000}},{"type":"Feature","geometry":{"type":"LineString","coordinates":[[-81.91250473603947,35.83621445146602],[-81.91283576731654,35.83614836485034],[-81.9132465107703,35.83601322129096],[-81.91355163171396,35.8359369738591],[-81.91387187785766,35.83585410779578]]},"properties":{"gnis_name":"Linville River","gnis_id":"01012897","lengthkm":0.12907173,"fcode":55800,"fdate":1405468800000}},{"type":"Feature","geometry":{"type":"LineString","coordinates":[[-81.90275051991543,35.92065705503413],[-81.90272992671,35.920578143657515],[-81.90271133653222,35.920468838386704],[-81.90270213925352,35.92037601452823],[-81.90269603131982,35.92028789765778],[-81.90268743338859,35.92021174983925],[-81.90268994627786,35.920118647600795],[-81.9026865177188,35.9200233105119],[-81.90268040978512,35.919935178923225],[-81.90265982698502,35.91985217400605],[-81.90261857189891,35.91976487899322],[-81.90260125117243,35.91969132861051],[-81.90258128644945,35.919625013296056],[-81.90256060167704,35.919539619933396],[-81.90254503425008,35.91943263309446],[-81.90253935501634,35.91935641619628],[-81.90252730771542,35.9192660507876],[-81.90252604450733,35.919149175668565],[-81.90253037833082,35.9190250238949],[-81.90254159528573,35.91892932482325],[-81.90254661690209,35.918824252559666],[-81.90255817723317,35.918738077171646],[-81.90256388352078,35.918652056742346],[-81.90258348093533,35.91854423276607],[-81.9026032323489,35.91844117230919],[-81.90262911354735,35.91834512366148],[-81.90264920833708,35.9182516020985],[-81.90267206782524,35.918153235001384],[-81.90269863577605,35.91807627867987],[-81.90270748135431,35.91804185759128]]},"properties":{"gnis_name":"Linville River","gnis_id":"01012897","lengthkm":0.29616662000000005,"fcode":55800,"fdate":1405468800000}},{"type":"Feature","geometry":{"type":"LineString","coordinates":[[-81.91443374532628,35.834963807146956],[-81.91435948034429,35.83475588682086],[-81.91422277396647,35.834486531093994],[-81.9141169589576,35.83427283693283]]},"properties":{"gnis_name":"Linville River","gnis_id":"01012897","lengthkm":0.08249464000000001,"fcode":55800,"fdate":1405468800000}},{"type":"Feature","geometry":{"type":"LineString","coordinates":[[-81.90113736780054,35.91254900307704],[-81.90106709222536,35.91238845043244],[-81.90094542468327,35.912267281478364],[-81.90091224830198,35.91223914137191]]},"properties":{"gnis_name":"Linville River","gnis_id":"01012897","lengthkm":0.04076642,"fcode":55800,"fdate":1405468800000}},{"type":"Feature","geometry":{"type":"LineString","coordinates":[[-81.9289636601238,35.95573298134287],[-81.92882986203809,35.955440660989794],[-81.92871851971343,35.95520238158227],[-81.92864718175316,35.9550156184254],[-81.92851101333135,35.954820876641534],[-81.9281157842373,35.954360381017835],[-81.92800324113655,35.95425094388641],[-81.92792779931078,35.95419311928902],[-81.92765832705683,35.95404450404245],[-81.92759868157546,35.953988247657435]]},"properties":{"gnis_name":"Linville River","gnis_id":"01012897","lengthkm":0.23541175,"fcode":55800,"fdate":1405468800000}},{"type":"Feature","geometry":{"type":"LineString","coordinates":[[-81.89766654227806,35.87868438335003],[-81.89768302953692,35.878664967536096],[-81.89777133444214,35.87859368737066],[-81.89785129946856,35.878534529295216],[-81.89791996845948,35.87848756331464],[-81.89796244825394,35.87844600076776],[-81.8980349235177,35.878386934480574]]},"properties":{"gnis_name":"Linville River","gnis_id":"01012897","lengthkm":0.046969140000000006,"fcode":55800,"fdate":1405468800000}},{"type":"Feature","geometry":{"type":"LineString","coordinates":[[-81.89890278389733,35.90608963787164],[-81.89886640995552,35.9060316558321],[-81.89874470391368,35.90591784332656],[-81.89855000338171,35.90576843355985],[-81.8982833634609,35.905613717141975],[-81.89801059271467,35.9054474816325],[-81.89783695779049,35.90532556879622],[-81.89770571941806,35.905186302099715],[-81.89751440998592,35.90497145000234],[-81.89734290711559,35.90482848774088],[-81.89720163487523,35.904713090678506]]},"properties":{"gnis_name":"Linville River","gnis_id":"01012897","lengthkm":0.21830823000000002,"fcode":55800,"fdate":1405468800000}},{"type":"Feature","geometry":{"type":"LineString","coordinates":[[-81.89774827309041,35.89335227556211],[-81.89774941559658,35.89321400102097],[-81.89773055696106,35.89300905143541],[-81.89772659668924,35.892738402427305],[-81.89773830061398,35.8925047144179],[-81.8977369177445,35.89230634986773],[-81.8977082905772,35.892148325493594],[-81.89766905620783,35.89201387251992],[-81.89758664592686,35.89187579205142],[-81.89747894443013,35.89176578287209]]},"properties":{"gnis_name":"Linville River","gnis_id":"01012897","lengthkm":0.18330862,"fcode":55800,"fdate":1405468800000}}]}